image_id,id,caption,preposition,subject,object,verb,wrong_preposition,wrong_caption
321333,770625,A picture of two young kids posing or a picture.,of,A picture,two young kids,posing,,
366611,765550,a dog laying on a soccer ball on a field.,on,dog,soccer ball,laying,,
490171,370135,A man and a dog riding a surf board in the water.,in,a surf board,the water,riding,,
491757,694991,A cat with blue eyes sitting on a pink bed.,with,A cat,blue eyes,sitting,,
247806,768641,A clock on a bell tower of an old church.,on,A clock,a bell tower,,,
145620,734511,a black and white photo of a person riding a dirt bike,of,a black and white photo,a person,riding,,
537270,566393,three people sitting at a table with their cellphones,at,three people,a table,sitting,,
358427,51721,a close up of a fork holding some cooked broccoli,up of,a close,a fork,holding,,
250766,492389,A plate topped with meat and a salad.,with,plate,meat,topped,,
130579,15681,A pitcher about to pitch in a baseball game.,about,A pitcher,to pitch,,,
13348,734907,A JAL jetliner on the tarmac at an airport.,on,A JAL jetliner,the tarmac,,,
129756,460679,A man is standing on a grassy hill with some sheep and dogs.,on,A man,a grassy hill,is standing,,
242060,628993,A plate of cupcakes on a napkin with spoons and drink glasses.,of,A plate,cupcakes,,,
35326,711283,A stove that has a spice rack next to it.,next to,spice rack,it,has,,
146457,124819,two children being entertained by preparing pizza at home.,by,two children,preparing pizza,being entertained,,
233370,622366,A person laying crushed underneath a black piece of luggage.,underneath,person,black piece of luggage,laying,,
430961,770470,A baseball player pitching a baseball on top of a field.,on top of,a baseball,a field,pitching,,
488270,750839,A white airplane is driving down the runway.,down,airplane,runway,is driving,,
364297,144988,a cat laying on a computer keyboard and a monitor near by,on,cat,computer keyboard,laying,,
397354,128515,a woman is giving a baby a bottle while others are congregated in the kitchen,in,others,the kitchen,are congregated,,
357459,93596,a small dog jumping up to reach a frisbee,up to,dog,frisbee,jumping,,
259571,584465,A group of people in the back of a dump-truck.,in,A group of people,the back of a dump-truck,,,
520324,206160,A small airplane sitting next to an airport runway.,next to,airplane,airport runway,sitting,,
309467,762204,Two skiers in dark clothing are standing on the snowy slope.,in,Two skiers,dark clothing,are standing,,
564336,690171,a man at a restaurant using his laptop ,at,a man,a restaurant,using,,
455624,189493,Person driving a plated motorcycle on a track with people watching.,on,a plated motorcycle,a track,driving,,
134034,275927,Two brown horses grazing in a field next to a tree.,in,Two brown horses,a field,grazing,,
47112,35767,A close up image of a half onion and mushroom pizza.,of,image,a half onion and mushroom pizza,,,
164637,283744,A sink and mirror in a very small bathroom.,in,A sink and mirror,a very small bathroom,,,
473219,687166,A man and woman look into each others eyes while getting married.,into,man and woman,each others eyes,look,,
425361,614657,A man at an office desk drinking a glass of wine.,at,A man,an office desk,drinking,,
48564,215117,A man standing in the snow while talking on a cell phone.,in,man,snow,standing,,
293300,171821,Two large elephants standing next to a wire fence.,next to,Two large elephants,a wire fence,standing,,
407868,292466,The man in the park is flying his kite.,in,The man,the park,is flying,,
67616,99171,Street scene with USA and Mexican flags flying from building above restaurant tables on sidewalk.,with,Street scene,USA and Mexican flags,flying,,
184611,85883,A city street with small carts bing peddled by a men on bikes ,with,A city street,small carts,being peddled,,
386879,84251,A woman wearing a red tennis outfit holding onto a racquet.,onto,woman,racquet,holding,,
426253,808279,A plate of food being heated in a microwave.,of,plate,food,being heated,,
57150,365933,A girl in plain dress standing next to a white teddy bear.,in,girl,plain dress,standing,,
563470,488117,a person leaning with her head on a bat ,on,her head,a bat,leaning,,
486046,426237,a close up of a giraffe with a zebra in the background,up of,a close,a giraffe,,,
368900,104038,A TV sits in a room with many other things.,in,A TV,a room,sits,,
407298,414035,A young boy wearing a catchers mitt holding a ball.,wearing,A young boy,a catchers mitt,holding,,
76261,255949,two birds fly in the sky over mountains,in,two birds,the sky,fly,,
556765,36608,An elephant with red on it's face in the water.,with,An elephant,red,,,
425702,41595,A man walking on the beach carrying a surfboard.,on,man,beach,walking,,
500565,285753,A woman holding a child wrapped in a towel brushing her teeth.,in,child,towel,wrapped,,
546556,787666,A flock of sheep lie down in a field.,in,a flock of sheep,a field,lie down,,
50149,430295,A group of bunches of bananas are shown hanging together.,of,group,bunches,are shown,,
549220,569526,a dog that is sitting on a skate board,on,dog,skate board,sitting,,
303566,768391,A bunch of boxes that have fruit inside of them.,of,bunch,boxes,have,,
500716,74246,A man looking through a thumb hole on a scissors.,through,man,thumb hole,looking,,
434459,27141,A man and a woman cutting up a big sheet cake.,up,A man and a woman,a big sheet cake,cutting,,
426241,325298,Many electronic devices and a tangle of wires are on and around the desk.,on,Many electronic devices and a tangle of wires,the desk,are,,
80273,217727,a man snow boarding with snow gear on ,with,a man,snow gear,snow boarding,,
367680,654453,A horse drawn carriage among several other motor vehicles on a road.,among,A horse drawn carriage,several other motor vehicles,,,
493799,172833,A white plate full of cooked meat and vegetables.,of,plate,cooked meat and vegetables,,,
470779,490736,a group of people with skiis standing next to each other ,of,group,people,,,
276707,827061,A close-up of a street sign with small shops in the background.,of,A close-up,a street sign,,,
122166,791971,The cars are travelling behind the guy on the bicycle,behind,The cars,the guy,are travelling,,
453040,425512,A wedding cake topping with decor and flowers.,with,A wedding cake topping,decor and flowers,,,
572620,194154,A man riding a skateboard on top of a ramp.,on top of,a skateboard,a ramp,riding,,
565045,317697,Two towels are hanging on the wall beside a shower door.,on,Two towels,the wall,are hanging,,
289516,8468,A clock sits above green bushes under a blue sky.,above,A clock,green bushes,sits,,
468505,94896,Dude ecstatic sitting by himself at a table full of food.,by,Dude,himself,sitting,,
426836,714060,THIS IS A BREATHTAKING PHOTO OF SOMEONE FLYING A KITE,OF,PHOTO,SOMEONE,FLYING,,
580410,239153,A living room with a white sofa and a gray rug.,with,A living room,a white sofa,,,
512985,466163,The man stands holding a surfboard as he looks out at the sea.,at,he,the sea,looks,,
25603,545517,A girl sitting around a table in a restaurant eating a pizza.,around,girl,table,sitting,,
423519,759552,a public transit bus on a city street ,on,a public transit bus,a city street,,,
35770,797290,a bathroom with three toilets and a big sink,with,a bathroom,three toilets,,,
392818,827716,a black brown and white dog wearing a pink and white jacket,wearing,a black brown and white dog,a pink and white jacket,,,
549674,212641,Computer with two screens showing both screens and the keyboard.,with,Computer,two screens,showing,,
289516,13487,A clock that is surrounded by tall grass in a park.,by,clock,tall grass,is surrounded,,
186980,323698,a wooden dinette table and two chairs with place settings,with,two chairs,place settings,,,
391144,316623,A group of adult elephants and one baby elephant drinking water.,of,group,adult elephants,drinking,,
166521,475601,A room that has two televisions in it.,in,two televisions,it,has,,
560178,623509,Someone is holding a veggie with a bite already taken from it.,with,veggie,a bite,holding,,
279145,733084,A wooden bench surrounded by potted plants in front of a house.,in front of,potted plants,a house,,,
523957,786111,a Skateboarder weaving in and out of cones,in and out,Skateboarder,cones,weaving,,
199977,355648,The airplane in the sky is doing tricks while spitting out smoke.,in,The airplane,the sky,is doing,,
65288,418903,Little birds on the back of chairs at an outdoor restaurant ,on,Little birds,the back of chairs,,,
400922,144798,A photograph of Key Bank with a clock under the sign.,of,A photograph,Key Bank,,,
467511,250798,A man and a woman in helmets standing at a motorcycle.,in,A man and a woman,helmets,standing,,
142620,787064,A man eating out on a table and bench.,on,man,table,eating,,
328683,565510,A parking meter sitting on the sidewalk in front of a building.,on,A parking meter,the sidewalk,sitting,,
13348,738861,A Japan Airlines plane sits parked at an airport.,at,plane,an airport,sits,,
159458,434364,A dog laying on a bed in a bedroom with wood floors.,on,dog,bed,laying,,
527528,153969,A group of kites are being flown in the air.,of,group,kites,are being flown,,
358923,512756,A woman with an umbrella hat on talking on a cell phone.,with,A woman,an umbrella hat,talking,,
576031,79919,A lady is trying to go ice skating/skiing.,to,lady,go,is trying,,
78032,581672,There are two metal benches on the patio.,on,two metal benches,the patio,are,,
185472,136266,The train is approaching and a man is getting off his bicycle.,off,man,bicycle,is getting,,
73118,379035,Two brown teddy bears sitting side by side.,side by side,Two brown teddy bears,,sitting,,
461751,669848,A man on a motorcycle driving beside a van.,on,A man,a motorcycle,driving,,
422998,736865,A woman is preparing a sandwich on a paper plate.,on,a sandwich,a paper plate,is preparing,,
63740,19458,A desktop with two computers and fruit on it.,with,A desktop,two computers,,,
451571,189276,Meal with corn on the cob placed on a plate.,with,Meal,corn,placed,,
300842,476292,A red skateboard with blue wheels on the floor with someones foot on it.,with,A red skateboard,blue wheels,,,
231822,327981,a tray of food with two glasses of drink and salt and pepper ,of,tray,food,,,
80022,216000,A tennis player wearing white holds out his tennis racket as a ball floats in the air near it.,in,ball,air,floats,,
392228,576963,We are looking up at a clock in the peak of a roof.,up at,We,a clock,are looking,,
270402,222385,A couple of elephants are walking around in the dirt,around,elephants,the dirt,are walking,,
385997,516324,Black and white photograph of a dog sleeping in the middle of a living room,of,photograph,a dog,sleeping,,
492937,19526,a vintage photo of a bike eith a lock on it,of,a vintage photo,a bike,,,
107339,108154,Two children in a room with tables and couches.,in,Two children,a room,,,
132931,519398,two men on different baseball teams getting ready for the next move.,on,two men,different baseball teams,getting,,
341469,249316,A man standing next to a stack of red luggage.,next to,A man,a stack of red luggage,standing,,
22623,382719,Some control buttons on an orange and silver electronic device.,on,Some control buttons,an orange and silver electronic device,,,
382125,94669,two men sitting at a table with one holding a plate with a slice of pizza on it,at,two men,a table,sitting,,
459809,443022,A group of people flying a kite on the water.,of,group,people,flying,,
402096,6942,A traffic sign has been vandalized to look like a scary face.,like,a scary face,,vandalized,,
68765,64503,A keyboard sitting on a desk next to a computer mouse.,on,keyboard,desk,sitting,,
490171,374563,A dog rides on a surfboard with a person.,on,dog,surfboard,rides,,
403353,104585,A lamp sitting next to a small bed with a book on top of it.,next to,A lamp,a small bed,sitting,,
249643,400153,A train that is riding on tracks through a station.,on,train,tracks,is riding,,
392933,89181,A giraffe running away through grass toward trees.,through,giraffe,grass,running,,
347456,406005,Mother and child elephant in a fenced pastoral field.,in,Mother and child elephant,a fenced pastoral field,,,
460494,474914,Assorted meal sitting on a plate with a white glass of milk.,on,Assorted meal,a plate,sitting,,
56350,445648,A mural of people are on a yellow tile wall.,of,A mural,people,are,,
271997,539421,A photo of a young male in a suit jacket and tie.,of,A photo,a young male,,,
560011,532615,An office desk with a computer keyboard and mouse.,with,An office desk,a computer keyboard and mouse,,,
513524,234200,A man in a wetsuit on a blue surfboard.,in,man,wetsuit,,,
254516,683896,Batter warming up near dug out during major game.,near,Batter,dug out,warming up,,
99810,767578,Small certain was child eating donuts off a blue plate.,off,donuts,a blue plate,eating,,
23034,556566,A man riding on the back of a brown horse.,on,man,back,riding,,
76625,288306,A train with headlights traveling on a track past pedestrians.,with,A train,headlights,traveling,,
172977,516848,A Zebra standing on a dirt ground inside a fenced area.,on,A Zebra,a dirt ground,standing,,
261796,766974,A tree stands next to an old wood house,next to,A tree,an old wood house,stands,,
46252,557521,a baseball player with a bat on the field,with,a baseball player,a bat,,,
267351,120292,The white and yellow clock with a red roof reads 11:44.,with,clock,a red roof,reads,,
311394,437511,The baby is holding and looking at his tooth brush.,at,baby,tooth brush,looking,,
110884,728865,A green tinted bathroom consisting of a toilet and sink,of,bathroom,a toilet and sink,consisting,,
48564,222017,A young man dressed for skiing talking on a cell phone.,for,man,skiing,dressed,,
151820,28629,A group of people talking and sharing a meal in a restaurant.,of,group,people,talking,,
525286,627885,A large clock is on the wall where the paint is peeling.,on,A large clock,the wall,is,,
347544,103400,There is an old multi colored volvo parked next to a motel,next to,volvo,motel,parked,,
253695,428289,A professional baseball player with his glove out.,with,A professional baseball player,his glove,,,
67534,622459,A man wearing a collar shirt with a blue tie,wearing,A man,a collar shirt,,,
139,379917,A woman standing in a kitchen by a window,in,woman,kitchen,standing,,
318455,256138,Half a cake and two plates of cupcakes on a table.,on,Half a cake and two plates of cupcakes,a table,,,
23751,186764,A statue of children flying a kite in front of a building.,of,A statue,children,flying,,
201646,823538,A man is staring at something in his hand.,at,man,something,is staring,,
388927,42201,a hand holding a gray and blue clock and some peoples legs,holding,a hand,a gray and blue clock,,,
296969,355611,A group of giraffe standing next to each other.,of,group,giraffe,standing,,
247838,365178,A herd of bison stroll by the snow covered banks of a stream.,by,A herd of bison,the snow covered banks of a stream,stroll,,
530470,720190,A field full of people flying kites in a cloudy blue sky.,in,people,a cloudy blue sky,flying,,
192716,583529,A red stop sign sitting in front of a tall palm tree.,in front of,A red stop sign,a tall palm tree,sitting,,
568981,782299,a man that is taking a picture of a little boy,of,a picture,a little boy,is taking,,
491008,267879,A man and a woman holding up a pizza in a seating area.,in,a pizza,a seating area,holding,,
279774,313606,Two young boys playing t-ball at ball park,at,Two young boys playing t-ball,ball park,playing,,
121586,736388,Office space with cat on the television and work.,with,Office space,cat,,,
349860,410320,a man in the air with a skateboard above a half pipe ,in,man,the air,,,
516143,609863,A green and blue bus driving down a street.,down,bus,street,driving,,
482978,305481,This is a multi colored train at this train station,at,train,train station,is,,
39769,547444, two cats lying near two remotes on a purple sheets,near,two cats,two remotes,lying,,
516143,608156,An empty city bus travels down a city street.,down,bus,street,travels,,
133418,91825,A man playing tennis on a red coat in all white.,on,A man playing tennis,a red coat,playing,,
227686,173905,Horse with blinders on walking through wooded area,with,Horse,blinders,walking,,
370478,642925,A suitcase and a laptop sit on a bedroom floor,on,A suitcase and a laptop,a bedroom floor,sit,,
154644,124648,A LADY TALKING ON THE PHONE AND SMOKING A CIGARETTE.,ON,LADY,PHONE,TALKING,,
104572,453451,A bathroom with orange decorated wallpaper and a mirror.,with,A bathroom,orange decorated wallpaper,,,
443426,657647,A guy in a suit and tie is posing for the camera.,in,guy,suit,is posing,,
55528,132631,A man is holding a toothbrush and a paper bag while seated.,while,A man,,is holding,,
118515,19289,A spotted kitten sitting on a wooden bench.,on,A spotted kitten,a wooden bench,sitting,,
244019,85356,a white wall with some graffiti and a red white and blue fire hydrant,with,a white wall,some graffiti,,,
263796,294186,A red toilet with many pipes and wires behind it.,with,A red toilet,many pipes and wires,,,
11122,230342,A stop sign behind a green chain link fence.,behind,A stop sign,a green chain link fence,,,
289417,113644,A boy on skis standing in the snow.,on,boy,skis,standing,,
572517,316402,a large bear landing a large polar bear is in the background preparing to drink from the water ,in,a large polar bear,the background,is,,
425390,205924,a cat resting on a laptop keyboard in a bedroom,on,cat,laptop keyboard,resting,,
376442,466752,A black stuffed animal sitting on top of a toilet in a bathroom stall with blue floor tile.,on top of,A black stuffed animal,a toilet,sitting,,
376278,115515,A picture of an animal on the ground.,of,A picture,an animal,,,
294162,528472,An open laptop compute with a computer mouse.,with,An open laptop compute,a computer mouse,,,
282037,596147,A full view of some baseball players in the field.,of,A full view,some baseball players,,,
377393,726087,View of plaza with tower near beach on sunny day.,of,View,plaza,,,
248334,662248,Group of adults and children riding in wooden boat on river.,in,Group of adults and children,wooden boat,riding,,
551815,96730,An orange cat laying on a white and brown cat in a bed.,on,An orange cat,a white and brown cat,laying,,
170955,372266,That President seems to be walking along the sidewalk.,along,President,the sidewalk,walking,,
374727,85517,A street sign showing four different roads on it,on,four different roads,it,showing,,
214703,629737,Two young people are body boarding in the open water.,in,people,the open water,are body boarding,,
19402,551900,Two people with heavy winter coats are eating,with,Two people,heavy winter coats,are eating,,
322895,502560,A living room that has a bunch of different couches.,of,bunch,different couches,has,,
125850,636144,A cat that has curled up in a bowl.,in,cat,bowl,has curled up,,
134322,128595,A kite flown above a body of water with many spectators,above,A kite flown,a body of water,flown,,
61471,545440,A brown dog standing next to a toilet in a bathroom.,next to,A brown dog,a toilet,standing,,
125936,381347,People in a grocery story that sells fruit and drinks.,in,People,a grocery story,sells,,
398028,112506,A person practices batting during a baseball game.,during,A person,a baseball game,practices,,
361142,678081,this large building has a tower that has a clock on it,on,clock,it,has,,
501243,230147,Three zebras standing in the sand in a zoo.,in,Three zebras,the sand,standing,,
58111,641344,An orange cat rests on a white counter top,on,cat,counter top,rests,,
88269,227167,a plate with a bowl of tomato soup and two halves of a grilled cheese sandwich.,with,a plate,a bowl,,,
250205,416046,Two heron are standing on some rocks near some water.,on,Two heron,some rocks,are standing,,
581482,47166,A clock in a building in front of windows.,in,A clock,a building,,,
60835,807277,A dog in a a cage with a bed and bowl,in,A dog,a cage,,,
227478,382961,Black and white photograph of women on an old park bench,of,photograph,women,,,
15338,410741,The passenger buses are travelling down the road.,down,buses,road,are travelling,,
117908,588235,a man and a cat looking inside a fridge,inside,a man and a cat,a fridge,looking,,
146155,397604,Two men standing near a bar drinking together,near,Two men,a bar,standing,,
35062,429854,A little boy asleep under a sunflower print blanket,under,A little boy,a sunflower print blanket,asleep,,
127530,329244,A man on a court swinging a tennis racket.,on,A man,a court,swinging,,
17182,90076,A wooden teachers desk with books stacked on it and a blackboard in the background.,with,A wooden teachers desk,books,stacked,,
404678,28935,A group of people sitting in a restaurant booth eating food.,of,group,people,sitting,,
492110,95365,A man looking at a laptop with a confused look,at,man,laptop,looking,,
447088,342758,Three baseball players from the Chicago cubs teams.,from,Three baseball players,the Chicago cubs teams,,,
187513,28968,A bathroom with green walls and a toilet and a shower.,with,A bathroom,green walls,,,
192607,16116,A man and his truck on a trail in a forest.,on,A man and his truck,a trail,,,
249129,117489,A group of teddy bears sitting at a small table in front of a christmas tree.,of,group,teddy bears,sitting,,
374727,89252,a pole with many street signs standing in front of a very tall building,in front of,a pole with many street signs,a very tall building,standing,,
521819,124198,a group of people are playing frisbee in a park,of,group,people,are playing,,
375469,35501,Two surfers are riding a wave on their surf boards.,on,a wave,their surf boards,are riding,,
164115,202154,A surfboard sitting next to a shopping cart.,next to,A surfboard,a shopping cart,sitting,,
235784,788761,a kid stands in the snow on his skiis,in,kid,snow,stands,,
462371,683741,Several people are gathered at a reception with appetizers.,at,Several people,a reception,are gathered,,
433980,405306,A photo of a woman that she took of herself.,of,A photo,a woman,took,,
357430,49858,A large pizza sitting on a pizza pan with a slice missing.,on,A large pizza,a pizza pan,sitting,,
147725,444841,A metro bus driving down a fairly busy city street.,down,A metro bus,a fairly busy city street,driving,,
209829,778772,A man that is standing on a surfboard in the water.,on,man,surfboard,is standing,,
268375,116285,A group of elephants in an enclosed area with a lot of trees behind them.,of,A group,elephants,,,
417465,100955,A bear sitting on a log with a really long tongue,on,bear,log,sitting,,
342186,417938,A pizza with toppings served on a plate,with,A pizza,toppings,served,,
526751,288399,A boat sitting on top of a beach next to a body of water.,on top of,A boat,a beach,sitting,,
42628,372339,A group of people walking across very dirty snow.,of,group,people,walking,,
497344,178720,A baby has one hand on a computer and holds a cellphone in the other hand.,on,hand,computer,has,,
183709,558725,People looking at a stop light on the other side of the road.,at,People,a stop light,looking,,
142585,477038,A group of cars and motorbike crowd the streets.,of,group,cars,crowd,,
32038,120872,a close up of a pizza on a wooden table ,up of,a close,a pizza,,,
419096,509219,A freight train running along tracks beneath a bridge.,along,A freight train,tracks,running,,
210099,29791,A cat sitting on a wicker chair in the sun.,on,cat,wicker chair,sitting,,
347174,265185,A tattooed woman lying down on a bed in a bedroom.,on,woman,a bed,lying,,
95155,337623,Four picture collage of a snowboarder wearing a red jacket and brown pants going down a snowy mountain side.,of,collage,a snowboarder,going,,
111179,394398,Clock tower on top of a building outside on a sunny day.,on top of,Clock tower,a building,,,
534041,665817,Mom has to help him eat his hot dog and bun.,to,Mom,help,has,,
188592,777486,A toddler is sitting on a blanket outdoors eating an apple.,on,toddler,blanket,is sitting,,
552775,239012,The man is close to an oven full of cookies that are being prepared.,close to,The man,an oven,is,,
186422,585034,A brown bear walking along a river filled with rocks.,along,A brown bear,a river,walking,,
76547,693738,there is a man sitting at a table using a lap top,at,man,table,sitting,,
547502,749538,Four dogs in a yard are playing with a Frisbee.,in,Four dogs,a yard,are playing,,
523229,309101,A dirty public bathroom with a handicap sign located above the toilet.,with,A dirty public bathroom,a handicap sign,located,,
420840,56421,A young toddler with food on her face sticking out her tongue.,with,A young toddler,food,sticking,,
61747,45540,A woman in plaid pants posing for a picture on skis.,in,woman,plaid pants,posing,,
124636,42590,One cow standing and one laying down within a fence.,within,one,a fence,laying down,,
107851,284639,Several groups of people riding on the back of elephants.,on,people,the back of elephants,riding,,
6213,741043,a bathroom view of a tub and sink wit mirrors ,of,a bathroom view,a tub and sink,,,
139871,625601,An airplane on a runway preparing to take off.,on,An airplane,a runway,preparing,,
226154,437962,A green and white bus on street next to dirt area.,on,A green and white bus,street,,,
242411,415940,White building with clocks located to be viewed from 4 angles,with,White building,clocks,located,,
321214,276146,A baby in plaid shirt eating a frosted cake.,in,A baby,plaid shirt,eating,,
82846,713999,A red trolley car driving down a parking lot.,down,A red trolley car,a parking lot,driving,,
32817,398202,Two men stand over the green water spilled from a toilet.,over,Two men,the green water,stand,,
161875,695469,A girl standing in a field in a dress.,in,girl,field,standing,,
581100,18752,Two giraffes and a water buffalo in a zoo type environment,in,Two giraffes and a water buffalo,a zoo type environment,,,
68078,748284,A dog in a small bathroom with an orange shower curtain.,in,A dog,a small bathroom,,,
571893,317596,A kitchen countertop and some books on a shelf.,on,some books,a shelf,,,
281759,292316,Women in warm weather clothes with multi-colored parasols.,in,Women,warm weather clothes,,,
374052,279284,A man sits by himself on a bench surrounded by pigeons.,by,man,himself,sits,,
72813,634909,Dog lies on bed looking towards the camera,on,Dog,bed,lies,,
288762,365451,Alfalfa sprouts and colorful pepper salad on a plate.,on,Alfalfa sprouts and colorful pepper salad,a plate,,,
478136,298387,A plate with frosted donuts and other pastries.,with,A plate,frosted donuts,,,
258388,803576,a man rides his skateboard on a small ledge while another man lights the spray from a can on fire,on,his skateboard,a small ledge,rides,,
68833,352767,A counter and some chairs in a small room.,in,A counter and some chairs,a small room,,,
527029,88998,A man covering his eyes next to cases of bananas,next to,man,cases of bananas,covering,,
368940,140717,a bathroom with a mirror and a sink,with,a bathroom,a mirror,,,
221754,13501,An urban intersection with stoplights on a cloudy day.,with,An urban intersection,stoplights,,,
90108,682370,A bathroom with blue walls and white tiles.,with,A bathroom,blue walls,,,
444879,51030,A commuter train traveling down snow covered train tracks.,down,A commuter train,snow covered train tracks,traveling,,
505565,731486,A flock of birds standing on top of a lush green field.,on top of,A flock of birds,a lush green field,standing,,
248111,634677,some cans sitting on the kitchen floor ,on,cans,the kitchen floor,sitting,,
154339,432253,Gauges attached to pipes displayed in dimly lit area.,to,Gauges,pipes,attached,,
386879,85466,This tennis player is happy to be in the game.,in,player,game,is,,
45090,325695,People on a wave using a surf board in the ocean.,on,People,a wave,using,,
272136,305658,A large propeller plane mounted to the ceiling of a building.,to,plane,the ceiling,mounted,,
9891,752894,The man is loading luggage suitcases onto the cart in the parking lot.,onto,luggage suitcases,the cart,is loading,,
190841,470426,A man in black shirt doing a trick on a skateboard.,in,A man,black shirt,doing,,
507473,459634,A girl is taking a selfie while brushing her teeth.,while,A girl,brushing her teeth,is taking,,
116825,67819,A cat plays with a pocket knife on a table.,with,A cat,a pocket knife,plays,,
292236,162131,A couple of men standing next to train tracks.,next to,men,train tracks,standing,,
166426,80454,A meal is ready to be eaten with its silverware.,with,meal,its silverware,is ready,,
31749,99535,A disturbing doll sits next to a clock in a mirrored image.,next to,A disturbing doll,a clock,sits,,
322895,546939,A room with a full wall of windows with multiple sofas and chairs.,with,A room,a full wall of windows,,,
276921,541489,Two teddy bears hang from the inside of a car.,from,Two teddy bears,the inside of a car,hang,,
473869,801498,A man looking at camera preparing food in kitchen,at,man,camera,looking,,
233727,799127,A bus drives on a paved road with markings.,on,A bus,a paved road,drives,,
476258,403531,Man in yellow and black body suit on skateboard.,in,Man,yellow and black body suit,,,
140439,185421,vase full of tulips arranged on a table in someones kitchen,full of,vase,tulips,arranged,,
520324,192480,a small air plane on a small run way,on,a small air plane,a small run way,,,
154431,805861,a statue of a bodt stting on a cart with wheels,of,a statue,a bodt,stting,,
24021,10005,A group photo of men and boys from the Goodmayes Boys School dated April 1929.,of,group photo,men and boys,,,
201934,488802,An old school bus painted white with curtained windows parked under a freeway,under,An old school bus painted white with curtained windows,a freeway,parked,,
266206,734572,Outside shot of a restroom showing the door partially open.,Outside,shot,a restroom,showing,,
500211,286374,All of the umbrellas are folded up.,of,All,the umbrellas,are folded,,
210520,249426,A bunch of food and flowers sits on a table.,on,A bunch of food and flowers,a table,sits,,
383337,108635,A hand reaching into a box of donuts on a counter.,into,A hand,a box of donuts,reaching,,
305609,197951,a table with many plates of food on top,with,a table,many plates of food,,,
521259,161071,The man is playing Frisbee with the young boy.,with,Frisbee,the young boy,is playing,,
276285,820227,pizza an other food on a table at a restaurant,on,pizza an other food,a table,,,
115946,395448,Cars are parked on both sides of the narrow street full of tall buildings.,on,Cars,both sides,are parked,,
567898,781957,A plate of food sits next to its dessert,of,plate,food,sits,,
161781,514767,A woman is skiing down a hill with safety netting.,down,A woman,a hill,is skiing,,
63154,64120,A man laying flat on a surfboard paddling through the water,on,man,surfboard,laying,,
451090,99243,A white sail boat moored in a lake near a mountain range.,in,boat,a lake,moored,,
294855,437504,A metal bucket with a bottle of booze sticking out of it.,with,A metal bucket,a bottle of booze,sticking,,
544605,750387,A street sign is pictured against a cement wall.,against,a street sign,a cement wall,is pictured,,
139883,793665,A view of a piece of art near a tree.,of,A view,a piece of art,,,
118594,390681,A Texas Longhorn bull grazing on grass.,on,bull,grass,grazing,,
476119,553339,A skateboarder rides down the street with a helmet,down,A skateboarder,the street,rides,,
317999,15540,a child in bed with a pacifier looks at a picture book while an adult looks on,in,child,bed,looks,,
544519,225142,A young child brushes their teeth with a blue toothbrush.,with,their teeth,a blue toothbrush,brushes,,
261982,740758,A person is riding on a skateboard on the street.,on,person,a skateboard,is riding,,
304291,660325,a horse that is walking around a field,around,a horse,a field,is walking,,
50896,582201,A bowl that has some oranges in it.,in,oranges,it,has,,
372466,734512,A computer mouse sitting on top of a computer desk.,on top of,A computer mouse,a computer desk,sitting,,
117719,5674,A man sits at a bar in front of dozens of bottles of alcohol.,at,man,bar,sits,,
374545,80962,A park setting on a sunny day with an American flag.,on,setting,a sunny day,,,
58111,649150,A lone cat lounging on top of a counter.,on top of,cat,counter,lounging,,
136633,184586,An umbrella is opened over a table at an outdoor market.,over,umbrella,table,is opened,,
367228,663372,A person playing with a kite near the beach,with,person,kite,playing,,
535578,231024,Sheep graze in a lushly green mountain meadow,in,Sheep,a lushly green mountain meadow,graze,,
260261,546308,A man standing behind a truck filled with produce.,behind,man,truck,standing,,
229858,206616,A baby deer and a large deer are standing in the woods.,in,A baby deer and a large deer,the woods,are standing,,
239041,415508,A bathroom with purple walls and two mirrors.,with,A bathroom,purple walls,,,
288685,764204,A group of sheep are being herded by a dog as people watch.,of,group,sheep,are being herded,,
522393,781669,Some people who are riding on a sail boat.,on,people,a sail boat,are riding,,
409198,82115,A man playing disk frizbe in a park.,in,A man playing disk frizbe,a park,playing,,
389532,450330,A man and a bird standing on top of a roof.,on top of,A man and a bird,a roof,standing,,
239347,806682,A photo of a man and his wife on a bed,of,A photo,a man,,,
365385,815639,A toothbrush is sitting inside a cup next to a sink.,inside,A toothbrush,a cup,is sitting,,
474854,60919,a man sitting in a chair and eating a donut outside near some shrubbery.,in,man,chair,sitting,,
163746,83431,people walking onto the beach from the water,onto,people,the beach,walking,,
125572,618295,a woman riding a bike in the street and a building with a clock in the background,in,a bike,the street,riding,,
120420,615829,Individual is doing something at the moment that is intriguing.,at,Individual,the moment,is doing,,
402783,130665,Seven pieces of orange peel on a white plate.,of,Seven pieces,orange peel,,,
2299,692974,Many small children are posing together in the black and white photo.,in,children,photo,are posing,,
18193,281190,a person eating an apple with a plate of food,with,an apple,a plate of food,eating,,
26926,608249,An orange fire hydrant with graffiti to look like a face.,with,An orange fire hydrant,graffiti,look,,
232538,19206,A yellow and blue train is next to an overhang.,next to,A yellow and blue train,an overhang,is,,
258793,496655,The very pretty sun shining through some big buildings.,through,sun,some big buildings,shining,,
529105,545480,A horse laying down on top of a lush green field.,on top of,A horse,a lush green field,laying down,,
145665,727177,A man laying on a painted line holding his knee in a parking lot,on,man,painted line,laying,,
444142,803862,A man throws a tennis ball into the air to serve it,into,tennis ball,air,throws,,
19924,537310,a woman with a tie smoking a cigarette with a big smile,with,a woman,a tie,smoking,,
369370,24613,A white bread sandwich on plate filled with ham and lettuce,on,A white bread sandwich,plate,filled,,
327617,439617,A pretty young lady standing on a tennis court holding a racquet.,on,lady,tennis court,standing,,
300913,689812,A kitten is laying on a green throw pillow.,on,A kitten,a green throw pillow,is laying,,
512648,365403,A brown cow under a tree in a grassy area.,under,A brown cow,a tree,,,
91500,66816,Two boys sit on chairs and play video games.,on,boys,chairs,sit,,
394275,701236,a bus moving down the road with people inside,down,a bus,the road,moving,,
214192,107862,two people on dirt bikes making turns on a track,on,two people,dirt bikes,making,,
438955,800471,A group of ski racers on a race trail.,of,group,ski racers,,,
259597,54217,A child watching an event and taking a picture with his cell phone.,with,picture,his cell phone,taking,,
547886,254804,The men are riding their horses down the beach.,down,their horses,the beach,are riding,,
97278,437658,A young person is on their ski board in the snow.,on,person,their ski board,is,,
83540,311115,A person on skis on snowy forest path.,on,A person,skis,,,
498286,437279,A grey dog with a black collar sits outside in the sun.,with,A grey dog,a black collar,sits,,
221754,27196,A wide empty street corner filled with buildings.,with,street corner,buildings,filled,,
135410,611788,A stack of balls that is next to a parking meter.,of,stack,balls,is,,
449312,508887,A woman sitting in front of a case filled with sweets.,in front of,A woman,a case,sitting,,
404678,36258,A group of people sit in a restaurant together.,of,group,people,sit,,
287649,590883,a close up of a cat on a desk near a keyboard,up of,a close,a cat,,,
189213,7322,A pile of junk sitting next to a curb on green grass.,of,pile,junk,sitting,,
139077,689338,A young boy holding a Nintendo Wii game controller.,holding,A young boy,a Nintendo Wii game controller,,,
273711,279064,Many containers of food are on the table.,on,containers of food,the table,are,,
286503,325661,An elephant eating something from a hanging net.,from,An elephant,a hanging net,eating,,
274687,799695,a black bike rests against a brown bed,against,a black bike,a brown bed,rests,,
561256,19511,A woman taking a picture of herself in a bathroom.,of,picture,herself,taking,,
231169,9067,The black and white locomotive is on the train tracks.,on,The black and white locomotive,the train tracks,is,,
274272,263827,a public transit bus with traffic lights ,with,a public transit bus,traffic lights,,,
21465,620109,A dirty table has incense burners on it.,on,incense burners,it,has,,
138856,582555,a loaf of bread is sitting on top of a oven,on top of,a loaf of bread,a oven,is sitting,,
11051,388446,A girl pins a bouttoniere on the lapel of her date.,on,a bouttoniere,the lapel,pins,,
565607,354119,A green and silver fire hydrant sitting in a field of flowers,in,fire hydrant,field of flowers,sitting,,
188465,495052,Baseball game taking place with a huge crowd in the stands watching.,with,Baseball game,a huge crowd,taking place,,
371472,476134,many pienapples and bannanas sitting on a stand,on,many pienapples and bannanas,a stand,sitting,,
455085,284494,A bus stopped on the side of the road.,on,bus,side,stopped,,
248980,592313,There is a platter with a salad on white linen.,with,a platter,a salad,is,,
440507,571741,A suitcase that is next to shoes on a floor.,next to,A suitcase,shoes,is,,
427338,132569,A person riding a motorcycle in an abandoned stone building,in,A person riding a motorcycle,an abandoned stone building,,,
255718,139974,A close up picture of a fire hydrant on a street.,of,picture,a fire hydrant,,,
553094,199225,A jet with smoke pouring from its wings.,with,A jet,smoke,pouring,,
47010,336796,Three giraffes with heads pointing ahead walk on a dirt path.,with,Three giraffes,heads,pointing,,
337498,621647,A big slice of pizza on a plate next to a glass of beverage,of,slice,pizza,,,
229747,612871,A airplane that is flying in the sky.,in,airplane,sky,is flying,,
559543,217501,A little girl in a pink shirt holding a game controller.,in,little girl,a pink shirt,holding,,
215644,646821,A microwave that is inside of the wall in a home.,inside of,A microwave,the wall,is,,
249550,364032,A bed with a flowered bedspread and four pillows.,with,A bed,a flowered bedspread,,,
286458,307729,Opened suitcase displaying many different items in plastic bags.,in,items,plastic bags,displaying,,
407943,188356,A head in silhouette in front of a large umbrella.,in,head,silhouette,,,
207306,133732,a teddy bear dressed in prison stripes sitting on top of a trash can,on top of,teddy bear dressed in prison stripes,a trash can,sitting,,
181499,463944,A hand is holding a cd by a laptop computer.,by,cd,laptop computer,is holding,,
490936,282935,two covered motorcycles in a row of motorcycles parked on the street,in,two covered motorcycles,a row,parked,,
44279,270332,People are cooking on grills in a commercial kitchen.,on,People,grills,are cooking,,
201418,608927,A young man standing in front of a luggage carousel at an airport.,in front of,A young man,a luggage carousel,standing,,
168593,769951,Two refrigerators standing side by side in a room.,in,Two refrigerators,a room,standing,,
122969,655278,two zebras standing by each other and some plants ,by,two zebras,each other,standing,,
451308,382456,A tall stack of suit cases is in the hall way.,in,A tall stack of suit cases,the hall way,is,,
356432,537248,a couple of couches in a living room,in,a couple of couches,a living room,,,
369771,172204,Two dishes of food and several blue arrows.,of,dishes,food,,,
195045,146221,An empty field with older structure in the background.,with,An empty field,older structure,,,
575372,645671,A view of a street light on route 66.,of,A view,a street light,,,
186282,135679,Computer setup with a multiple colored screen on it.,with,Computer setup,a multiple colored screen,,,
99242,17781,A man skiing down a snowy hill alone.,down,A man,a snowy hill,skiing,,
560178,621004,Hand showing vegetable that has being chewed near garden area.,near,vegetable,garden area,chewed,,
222235,127936,A cat is playing with a plan in a park.,with,cat,plan,playing,,
99054,64555,A large jet airplane sitting on a tarmac at an airport.,on,airplane,tarmac,sitting,,
121031,649919,The shirtless men are riding horses through the lake.,through,horses,the lake,are riding,,
16958,289053,A room with a fireplace and a wooden table.,with,A room,a fireplace,,,
37670,258341,Electronic wand displayed for modern type of toilet.,for,Electronic wand,modern type of toilet,displayed,,
1818,295528,Baby zebra sucking milk from its mothers teat.,from,milk,its mothers teat,sucking,,
130826,171485,Two men sitting next to each other on a wooden bench.,next to,Two men,each other,sitting,,
113589,240960,Plastic containers filled with food including fruits and vegetables.,with,Plastic containers,food,filled,,
459757,12332,A giraffe standing by a pair of skinny trees.,by,A giraffe,a pair of skinny trees,standing,,
553221,247623,A group of people enjoying the water with sails.,of,group,people,enjoying,,
309655,808901,A woman stands on skis on a snowy hill.,on,woman,skis,stands,,
302107,172017,A baseball player in mid swing hitting a ball.,in,A baseball player,mid swing,hitting,,
489339,220908,A woman is wearing a wetsuit while holding a surfboard.,while,A woman,,is wearing,,
334767,393304,a group of beginner snow skiers having class,of,group,beginner snow skiers,having,,
532129,529121,Cheese pizza is sliced into small pieces on a plate.,into,Cheese pizza,small pieces,is sliced,,
301867,501774,Three teenage girls hover under an umbrella while they talk and laugh.,under,Three teenage girls,an umbrella,hover,,
26926,610637,A fire hydrant with graffiti that makes it appear to be smiling mischievously.,with,A fire hydrant,graffiti,makes,,
570756,293778,Three people on a beach with kites in the sky.,on,Three people,a beach,,,
405279,213625,People flying kites over a lake in a park ,over,People flying kites,a lake,flying,,
21604,365267,A man in glasses and a light up tie.,in,man,glasses,,,
25593,819038,The signs are clearly posted on the street for us to see.,on,The signs,the street,posted,,
392481,416688,An aircraft is flying in a cloudy sky.,in,aircraft,cloudy sky,is flying,,
11511,10939,A metal statue of two women sits on a bench in a city street.,of,A metal statue,two women,sits,,
320632,218551,A herd of zebra standing next to each other on a green grass field.,next to,A herd of zebra,each other,standing,,
203580,443745,A colorful umbrella sitting outside of a pink building.,outside of,A colorful umbrella,a pink building,sitting,,
199310,602995,A long-haired man standing outside holding a racquet with both hands.,outside,man,,standing,,
437898,364002,The kitchen is filled with various cooking appliances.,with,kitchen,various cooking appliances,is filled,,
574425,678615,An old red and black bus is on the street.,on,bus,street,is,,
205333,144314,A pair of skiers on the top of a ski slope with clouds and large mountain in the background.,on,A pair of skiers,the top of a ski slope,,,
194746,83356,A pizza covered in cheese dripping down onto the bottom of an oven burning.,in,pizza,cheese,covered,,
336265,711331,person in a grassy green field boardered by mountains,in,person,a grassy green field,,,
460347,78248,City bus next to traffic cones in the far right lane of a busy freeway.,next to,City bus,traffic cones,,,
210230,566190,a bunch of women serving hot dogs ,of,bunch,women,serving,,
481582,575496,There are people standing next to a horse.,next to,people,a horse,standing,,
534827,320237,People are riding on motorcycles together down a street.,on,People,motorcycles,are riding,,
50331,589360,Two clay pots with leafy green plants in them.,with,Two clay pots,leafy green plants,,,
7088,598587,A small child stands in the rain with an umbrella.,in,child,rain,stands,,
363875,791839,The guy is travelling on his motorcycle outside.,on,guy,motorcycle,is travelling,,
453341,362158,The living room in a house with many figurines on the shelf,in,The living room,a house,,,
376442,824310,This is a stuffed animal on a toilet seat.,on,a stuffed animal,a toilet seat,is,,
469192,23795,An open field with a truck and some kites being flown,with,An open field,a truck and some kites,being flown,,
360943,142944,An orange tabby cat lies down outside a door on a house porch.,outside,cat,a door,lies down,,
231508,201854,A uniformed baseball player being watched by people.,by,player,people,being watched,,
530466,545818,a blue yellow and black train car with graffiti,with,a blue yellow and black train car,graffiti,,,
210708,306502,A large elephant standing next to a small elephant playing in the water.,next to,A large elephant,a small elephant,standing,,
242678,788243,A horse and rider jumping over a bar on a track.,over,A horse and rider,a bar,jumping,,
419201,576134,a large field of grass and cows ,of,field,grass,,,
329319,151599,a cat sitting on a chair looking at the ground ,on,a cat,a chair,sitting,,
330396,361401,A man and woman stand on the beach and look at the ocean.,on,A man and woman,the beach,stand,,
131556,791706,a man skiing along a rail on the snowy hill ,along,a man skiing,a rail,skiing,,
546219,513603,A large amount of people sitting at a table with food,at,people,a table,sitting,,
200421,229653,A young boy in a birthday hat holds a tennis racquet,in,A young boy,a birthday hat,holds,,
355257,218247,A woman laying in a hospital bed hooked up to an IV and monitors.,in,woman,hospital bed,laying,,
364884,164776,A person in a snow sporting event is going rapidly down this show chute-type course as people watch from the sidelines.,in,person,snow sporting event,is going,,
248400,596266,A man opens pizza box and stares at the camera.,at,man,camera,stares,,
439773,717890,A baby crawls on the floor beside a blue cell phone.,on,A baby,the floor,crawls,,
153217,82346,A black cat with arched back walking past a motorcycle,with,A black cat,arched back,walking,,
475365,509678,A front end of a big train near a bridge.,of,A front end,a big train,,,
411938,267482,Woman holding a teddy bear on the back of a bicycle.,on,teddy bear,back of a bicycle,holding,,
79408,402565,A red stop sign sitting next to a forest.,next to,A red stop sign,a forest,sitting,,
575243,696481,A BLACK AND WHITE PICTURE OF A PERSONA ND A UMBRELLA,OF,A BLACK AND WHITE PICTURE,A PERSONA ND A UMBRELLA,,,
545407,470217,An airplane is flying through clear blue sky.,through,An airplane,clear blue sky,is flying,,
428562,755087,A sheep stands near other sheep in a closed off pen.,near,A sheep,other sheep,stands,,
172877,43485,Man wearing slacks and tie sitting in chair.,in,Man,chair,sitting,,
496571,287235,A woman taking a picture of a man eating.,of,picture,a man,taking,,
197004,632761,The sandwich features a large portion of meat.,of,portion,meat,features,,
389684,393045,a man walks down a sidewalk as a vehicle passes ,down,man,sidewalk,walks,,
460229,539197,There is a truck behind the stop sign.,behind,a truck,the stop sign,is,,
514508,402485,A man looking at a picture of a TV screen.,at,man,picture,looking,,
24027,782138,a large kite that is being flown in the sky,in,kite,sky,is being flown,,
430056,483268,A triple decker sandwich is sitting on a desk.,on,A triple decker sandwich,a desk,is sitting,,
156292,140808,A person is looking at a display of clocks,at,person,display,is looking,,
493442,564124,A woman slashing down a snowy hill on skis.,on,hill,skis,slashing,,
569030,1325,A city crosswalk has a leaky fire hydrant on the street.,on,a leaky fire hydrant,the street,has,,
224200,300166,A dog sitting with his leash tied to a fire hydrant,with,dog,his leash,sitting,,
571264,694632,A black and white photo of a guy and his motorcycle.,of,A black and white photo,a guy and his motorcycle,,,
300341,574673,Two college age boys playing Wii while others look on ,while,Two college age boys playing Wii,others look on,playing,,
565778,94048,A train going back to its coarse filled with people.,back to,train,its coarse,going,,
409867,581006,Cats look up and out the widow in a house.,up and out,Cats,the widow,look,,
138856,580374,A large round piece of bread on a metal pan.,on,piece of bread,a metal pan,,,
265777,253972,a woman in a red top some glasses and a pizza,in,a woman,a red top,,,
383386,645137,The three teddy bears sit with their arms around each other.,with,The three teddy bears,their arms,sit,,
65074,689721,A view of a bedroom with the bed unmade.,of,A view,a bedroom,,,
554328,539502,A group of three men standing next to each other on a baseball field.,of,group,three men,standing,,
135872,27550,A desk with both a laptop computer and a desktop computer.,with,A desk,both a laptop computer and a desktop computer,,,
506707,116758,A man in a white shirt and gray pants walks toward a grassy area as kids in baseball uniforms and an umpire are near him.,in,man,white shirt,walks,,
322844,450341,A teddy bear is next to a goldfish toy.,next to,A teddy bear,a goldfish toy,is,,
172935,308156,A person doing a trick on water ski's while another passes underneath them.,on,trick,water skis,doing,,
52565,278736,a cow standing in some sand next to some water,in,cow,some sand,standing,,
232646,14367,An icy snow covered road overlooking a body of water.,covered,An icy snow,road,overlooking,,
280779,743185,A cross country skier in the falling snow.,in,A cross country skier,the falling snow,,,
520077,176014,A stack of books sitting on a desk with a bottle of beer.,of,stack,books,sitting,,
230993,287034,Two women with open umbrellas walking down a street.,with,Two women,open umbrellas,walking,,
486104,607811,A baseball game with a batter ready to swing,with,A baseball game,a batter,,,
343803,423073,A person on field with a Frisbee in their hand.,on,A person,field,,,
61418,705508,a couple of kids playing a game of checkers.,of,couple,kids,playing,,
459467,272978,A small airplane is about to take off on the runway.,on,airplane,runway,take off,,
301867,504873,Three girls walking down the sidewalk under a sun umbrella.,down,Three girls,the sidewalk,walking,,
210708,310705,A large and small elephant bathing in the river.,in,elephant,river,bathing,,
197004,633196,A white plate of food on a table.,of,plate,food,,,
45596,515298,a bunch of parked bikes sit between two buildings ,between,a bunch of parked bikes,two buildings,sit,,
28449,466579,Elephants standing beside each other outside on a road.,beside,Elephants,each other,standing,,
54592,555277,Two people hiking up a mountain with their ski's.,up,Two people,a mountain,hiking,,
574810,41273,A long-haired cat sits on a window sill and stares outside.,on,cat,window sill,sits,,
322352,531963,a room with plants on little tables by the windows ,with,a room,plants,,,
362716,544394,A man who is attempting to hit a tennis ball.,to,man,tennis ball,attempting,,
43581,59063,A small ham and pineapple pizza on a plate next to a spicy pepper shaker.,on,A small ham and pineapple pizza,a plate,,,
526103,608865,An elephant in a zoo walks behind the Asian Elephant sign.,in,An elephant,a zoo,walks,,
322829,95355,A white meta bench next to a patch of grass.,next to,A white meta bench,a patch of grass,,,
274708,661916,A group of people on the steep slope of a mountain,of,group,people,,,
378116,466173,A surfer wearing a wetsuit is riding a wave.,wearing,A surfer,a wetsuit,is riding,,
231580,775122,A man stands and holds his hands out in front of him.,in front of,hands,him,holds,,
296657,327795,Six adult males outside jumping up in the air.,outside,Six adult males,,jumping,,
482978,298797,A train passing by with empty seats on it.,by,train,,passing,,
511076,815339,The man is sitting by the water feeding the birds.,by,man,water,sitting,,
159399,311491,a person on a field flying a kite with trees in the background,on,a person,a field,flying,,
285894,160532,A giraffe has come to a fence line to greet visitors.,to,giraffe,fence line,has come,,
199771,326549,A group of people dressed in black preparing food.,of,group,people,dressed,,
360661,816701,three people riding horses on a beach ,on,horses,a beach,riding,,
289222,799262,Street sign in the shape of a person riding a horse with a person under.,in,Street sign,the shape of a person riding a horse,,,
554291,740941,A kitten climbing out of a blue bowl.,out of,kitten,blue bowl,climbing,,
396863,86285,The young girl wearing red and black rides atop the white pony.,atop,girl,pony,rides,,
85911,644252,The kite has sank halfway down into the water.,down into,halfway,the water,has sank,,
205282,752139,Three giraffes standing on a plain with a few trees,on,Three giraffes,a plain,standing,,
474028,662529,a group of kids playing soccer in a field,of,group,kids,playing,,
30504,257350,A person going up a snow hill on skis.,up,person,snow hill,going,,
30785,34506,A plate with a bowl filled with broccoli and two crackers with a spread.,with,A plate,a bowl,filled,,
256195,535791,A train on a track next to a set of blue stairs,on,A train,a track,,,
260470,187614,A row of several types of pastries on display.,of,row,several types of pastries,,,
185802,282314,a banana that has been placed in a tiny lounge chair.,in,banana,tiny lounge chair,placed,,
568814,39963,A man with a tie is staring at something.,with,A man,a tie,is staring,,
369675,289076,A passenger train is sitting at a station.,at,train,station,is sitting,,
2149,296788,A bowl filled with many shiny green apples.,with,bowl,many shiny green apples,filled,,
410880,709076,A large and over-sized stuffed teddy bear sitting in a chair.,in,teddy bear,chair,sitting,,
532071,43237,A big black bear laying in the grass surrounded by trees.,in,bear,the grass,laying,,
363666,665330,A few men eating an assortment of foods at a table.,at,an assortment of foods,a table,eating,,
143572,719016,A man holding a tennis racket in his hand while on the tennis court,in,tennis racket,his hand,holding,,
203629,787777,A man giving a thumbs up while on a cell phone.,on,man,cell phone,giving,,
431896,603981,A yellow and red train traveling down train tracks.,down,train,train tracks,traveling,,
558073,52927,Cat messing around in the white bathtub.,in,Cat,the white bathtub,messing around,,
260925,573568,A cat sitting on the hood of a car.,on,cat,hood,sitting,,
470173,788548,A woman statue holding a pitcher and basket in a garden.,in,A woman statue holding a pitcher and basket,a garden,,,
297427,725274,A burger with a doughnut for the bun.,with,A burger,a doughnut,,,
117425,17147,A toddler celebrates his birthday with a cupcake.,with,birthday,a cupcake,celebrates,,
153529,36020,a woman with her luggage at a train station,with,a woman,her luggage,,,
217957,656016,Large ornamental gold and blue clock on the side of a building.,on,Large ornamental gold and blue clock,the side of a building,,,
378454,645206,Man in air catching frisbee at beach near ocean.,in,Man,air,catching,,
267351,124333,A yellow and white clock tower against a blue sky,against,A yellow and white clock tower,a blue sky,,,
248112,389458,A person is playing tennis on a dark grass court.,on,tennis,a dark grass court,is playing,,
312237,73459,People are having fun on a crowded beach.,on,People,a crowded beach,are having,,
428562,753713,The wholly sheep stands besides others in a cage.,besides,The wholly sheep,others,stands,,
147498,255371,A flock of birds flying over water and sand with a volley ball net on the sand.,of,flock,birds,flying,,
38678,428116,A woman sitting on a train is showing off a bagel.,on,woman,train,is showing,,
489339,234555,A woman carrying a surfboard on the shore of the beach.,on,A woman carrying a surfboard,the shore,,,
73118,384810,Two stuffed brown teddy bears sitting next to a wall.,next to,Two stuffed brown teddy bears,a wall,sitting,,
417085,213978,A big cow and a smaller cow standing beside a road.,beside,a big cow and a smaller cow,a road,standing,,
135890,107446,The Big Ben clock tower towering over the city of London.,over,The Big Ben clock tower,the city of London,towering,,
376264,192564,a desk with a laptop a tea pot and a cup,with,a desk,a laptop,,,
287291,377135,The cars at the intersection are waiting for the pedestrians to cross.,at,The cars,the intersection,are waiting,,
269314,595468,a cat is way up in a tree,in,cat,tree,is,,
187144,209760,A group of people stand on a path outside a parked bus.,of,group,people,stand,,
233567,349476,A goat is standing in a barn by some hay.,in,A goat,a barn,is standing,,
468925,482599,A plate with meat and bananas on top ,with,A plate,meat,,,
183500,454968,A red and white plane flying through a cloudy sky.,through,plane,sky,flying,,
565778,100624,Blue train car sitting on a train track near tunnel.,on,Blue train car,a train track,sitting,,
21503,373588,Plate of crackers with something spread on them next to a keyboard,of,Plate,crackers,,,
399205,620312,All of these men are using their cell phones.,of,All,these men,are using,,
445834,797135,Men climbing on board a bus that needs to be repaired.,on,Men,board,climbing,,
301135,498313,Many people are sitting on two benches next to a light pole.,on,people,two benches,are sitting,,
496954,659583,A slice of cake and a fork by sliced orange and a Guinness ,of,slice,cake,,,
379800,492074,Train engine pulling one freight car along rails,along,one freight car,rails,pulling,,
245448,290348,Several men stand outside around a motorcycle.,outside,men,,stand,,
554291,739339,A kitty cat jumping out of a blue bowl ,out of,kitty cat,blue bowl,jumping,,
472030,511408,A park bench with a backpack on it in a forest of trees.,with,A park bench,a backpack,,,
540928,610344,A cat that is standing on a wood floor.,on,cat,wood floor,is standing,,
632,305425,This room has a bed with blue sheets and a large bookcase,with,a bed,blue sheets,has,,
442161,686694,A group of people tasting wine at a bar.,of,group,people,tasting,,
227765,395335,A wooden spoon in a soup pot on the stove.,in,A wooden spoon,a soup pot,,,
161397,719257,a couple of thigs are sitting on a wood table,on,a couple of thigs,a wood table,are sitting,,
42178,419421,An extensive network of wires are required to operate the railroad.,of,network,wires,are required,,
48555,378089,Three people race their horses down a beach.,down,horses,a beach,race,,
561256,8549,A woman wearing a hat & pink top takes a selfie in front of a bathroom mirror.,in front of,a woman wearing a hat & pink top,a bathroom mirror,takes,,
179765,38,A black Honda motorcycle parked in front of a garage.,in front of,A black Honda motorcycle,a garage,parked,,
326248,13237,A referee and tennis player speaking while fans watch in the stands.,in,fans,the stands,watch,,
21839,176678,A person crosses a street under a streetlight at dusk.,under,a person,a streetlight,crosses,,
127270,626099,A tennis player is swinging at a tennis ball.,at,player,ball,is swinging,,
184321,352188,A train traveling down tracks next to lights.,down,train,tracks,traveling,,
407574,332399,A stack of bananas are sitting in a tree by signs.,of,A stack,bananas,are sitting,,
226154,440173,A bus traveling down a road beside a motorcycle.,down,A bus,a road,traveling,,
129054,414476,A herd of zebra are grazing in a grassy meadow.,in,A herd of zebra,a grassy meadow,are grazing,,
364297,145510,A white and black cat laying on a keyboard.,on,cat,keyboard,laying,,
199551,394870,A boy asleep on a large bed under a mosquito net,on,A boy asleep,a large bed,,,
542073,255823,A light pole and street sign in front of a store front.,in front of,A light pole and street sign,a store front,,,
281179,692651,A street at night time with many different lights.,at,A street,night time,,,
559513,407554,The blue plate is full of fried sea food.,of,plate,fried sea food,is full,,
361571,304719,A white colored dog with it's mouth open and wearing a person's baseball style cap on it's head.,with,A white colored dog,its mouth,open,,
418696,803162,a traffic light hanging from a wire above a street ,from,a traffic light,a wire,hanging,,
257478,407968,An outfielder watching what is going on at home plate.,at,outfielder,home plate,watching,,
89271,715892,A cat wearing a hat while resting it's paws on top of a chair.,on top of,paws,a chair,resting,,
427055,611423,A photograph of a decorative street clock on a sidewalk.,of,A photograph,a decorative street clock,,,
193494,211164,Childs bed and colorful quilt surrounded by blue plastic walls.,by,Childs bed and colorful quilt,blue plastic walls,surrounded,,
256192,778557,A yellow BMW touring motorcycle parked in the street as people look on from behind a steel rail on the sidewalk.,in,A yellow BMW touring motorcycle,the street,parked,,
574810,37280,A yellow fluffy cat sitting in a window sill next to a window.,in,cat,window sill,sitting,,
346707,242575,A woman standing behind a very small banana tree with green bananas on it.,behind,A woman,a very small banana tree,standing,,
47121,523940,a cat drinking water from a sink bowl,from,water,a sink bowl,drinking,,
195045,155431,A storage building located near a town park.,near,A storage building,a town park,located,,
89670,768418,A plate that has cake on top of it.,on top of,cake,it,has,,
49060,542240,A train that has people standing outside of it.,outside of,people,it,standing,,
565607,349421,A green fire hydrant next to field of colorful flowers.,next to,A green fire hydrant,field of colorful flowers,,,
161397,714871,a brown table with some different colored flowers,with,a brown table,some different colored flowers,,,
434479,503042,Two Halloween characters next to a pizza on a table.,next to,Two Halloween characters,a pizza,,,
13177,801288,a man is working on a hub cap on the ground,on,man,hub cap,is working,,
451144,543524,a couple of people on skis sit on top of a snowy hill ,on,people,skis,sit,,
371042,827279,This is a tennis court with multiple games happening at once.,with,a tennis court,multiple games,is,,
193245,227854,Many people are flying different kites in a field on a cloudy day.,in,kites,a field,are flying,,
200421,223038,A boy in birthday hat holding a tennis racket.,in,boy,birthday hat,holding,,
323355,598468,A boy wearing yellow is holding a pizza in a box.,in,pizza,box,holding,,
329041,39766,A stack of luggage with an opened one on top.,of,A stack,luggage,,,
503755,60175,A tennis player is playing in a match.,in,player,match,is playing,,
401250,136225,A skier dressed in white performing an aerial maneuver.,in,skier,white,dressed,,
149222,323730,A view of a desktop computer that is online.,of,A view,a desktop computer,is,,
429281,577931,Display for bananas with a euro money sign,for,Display,bananas,,,
124659,20004,Fully decorated basement has no people in it.,in,people,it,has,,
215245,528643,A large group of zebra standing in the grass.,in,group,grass,standing,,
441468,725201,A red fire hydrant is on a crosswalk intersection.,on,A red fire hydrant,a crosswalk intersection,is,,
335529,227630,A wooden bench sitting next to a large body of water.,next to,A wooden bench,a large body of water,sitting,,
554291,735358,A small kitten standing in a blue hat on top of a table.,in,kitten,blue hat,standing,,
80340,429802,a small child wearing a tie and holding a suitcase with other people in the background,with,a suitcase,other people,holding,,
448263,173930,A baseball player kneeling to speak to a child,to,player,child,speak,,
273712,818010,A large red fridge is sitting on the red carpet.,on,A large red fridge,the red carpet,is sitting,,
38118,450172,A man on his skis on a snowy slope.,on,A man,his skis,,,
297085,573455,A cat sits in front of a large television.,in front of,A cat,a large television,sits,,
143998,667345,A bunch of carrots on a knife sitting on a cutting board.,on,A bunch of carrots,a knife,sitting,,
147338,531182,A yellow fire hydrant with a cartoon face drawn on it.,with,A yellow fire hydrant,a cartoon face,drawn,,
110884,722949,a bathroom with a sink and a bath tub,with,a bathroom,a sink,,,
389532,453825,A man standing on top of a structure under a cloudy sky.,on top of,man,structure,standing,,
153343,699847,two big stuffed bears sitting behind a chained fenced,behind,two big stuffed bears,a chained fence,sitting,,
153568,169084,A stop sign with additional warnings taped to it.,with,A stop sign,additional warnings,taped,,
261061,188562,A WOMAN IS STANDING LOOKING AT SOMETHING ,AT,WOMAN,SOMETHING,LOOKING,,
403565,247965,A man wearing a bike helmet standing next to a bicycle.,next to,A man wearing a bike helmet,a bicycle,standing,,
47769,633589,A small living room with furniture and two windows.,with,A small living room,furniture,,,
360564,131154,A bathroom with blue tile outline around the floor,with,A bathroom,blue tile outline,,,
490515,130600,Snow boarder sliding down the hill after falling in the snow,down,Snow boarder,the hill,sliding,,
396518,798155,A woman sitting on the bow of a boat using a pole to pilot the boat.,on,woman,the bow of a boat,sitting,,
193674,570051,A woman that is next to a surfboard with a dog.,next to,A woman,a surfboard,is,,
73153,350417,A person talking on a phone with a tree in the foreground.,on,person,phone,talking,,
350122,709415,Adult with bicycle on ramp of commuter railway platform.,with,Adult,bicycle,,,
3255,729764,A group of skiers have left a trail through the snow on the mountain.,of,group,skiers,have left,,
286849,224926,Many giraffes are poking their heads beyond some rocks.,beyond,heads,rocks,poking,,
302882,557845,The man is taking a photo of him self with his cellphone.,of,a photo,him self,is taking,,
452321,426665,A red bus parked at a bus stop in front of a building.,at,A red bus,a bus stop,parked,,
278353,206262,A sheep that is standing under a wooden plank from a fence.,under,A sheep,a wooden plank,is standing,,
241668,132897,A woman in a wedding dress with another lady holding a piece of cake.,in,A woman,a wedding dress,,,
495448,148629,A cake is shown with three tiers and flowers.,with,A cake,three tiers and flowers,is shown,,
308328,715682,Some people in high visibility jackets putting suitcases onto a conveyer belt from a container,in,people,high visibility jackets,putting,,
122166,791053,a person riding on a bicycle on the street in front of some cars,on,person,bicycle,riding,,
334767,398299,Several people are skiing on a snow covered field.,on,Several people,a snow covered field,are skiing,,
463842,500286,A small bed with lots of bottles underneath,with,A small bed,lots of bottles,,,
491470,494244,A city with snow and slush filling the ground.,with,A city,snow and slush,filling,,
460333,616431,A little boy sits on a bed with a chair next to it.,on,A little boy,a bed,sits,,
39914,665224,A lady and her child outside playing with a kite.,outside,A lady and her child,,playing,,
410428,513486,a group of sheep on a big grassy field full of sheep,of,group,sheep,,,
2149,294385,A white bowl filled with green Granny Smith apples.,with,bowl,green Granny Smith apples,filled,,
303499,249901,2 men wearing red cloaks riding on horseback.,on,men,horseback,riding,,
554735,98634,They are going to serve pizza for lunch today.,for,pizza,lunch,serve,,
466125,767190,The child smiles brightly while being handed a pink umbrella.,while,The child,,smiles,,
451571,193068,A close up of a corn on the cob that has been eating.,up of,A close,a corn,has been eating,,
20571,723727,Two tug boats tied up to the dock.,up to,boats,the dock,tied,,
210915,563439,A man on a surfboard that is in the water.,on,A man,a surfboard,is,,
166391,190401,Traffic is stopped at a red stop light.,at,Traffic,a red stop light,is stopped,,
440617,259502,A passenger train speeding down a train track.,down,A passenger train,a train track,speeding,,
44699,485029,Sheep grazing in grass in the mountains ,in,Sheep,grass,grazing,,
367228,660255,Young man flying a kite over a grassy area by water.,over,Young man,a grassy area,flying,,
95155,340269,Four photographs of a person in red jacket snowboarding.,of,Four photographs,a person,,,
186042,326498,A person in the snow on some skis.,in,A person,the snow,,,
94852,639155,a couple of elephants that are walking in some grass,of,couple,elephants,are walking,,
273132,38778,An old woman leans on her back while sitting on an ornate bench.,on,An old woman,her back,leans,,
173004,425856,A half eaten slice of pizza is on a plate with a knife and fork.,on,A half eaten slice of pizza,a plate,is,,
6894,652126,A man getting a kiss on the neck from an elephant's trunk,on,a kiss,the neck,getting,,
162543,547055,a herd of elephants standing side by side in an enclosed area,of,herd,elephants,standing,,
270402,234715,Two elephants standing in a pen in different spots.,in,Two elephants,a pen,standing,,
306136,156949,A bus parked near an Apple sign during the night.,near,A bus,an Apple sign,parked,,
537053,611936,A beautiful zebra standing in a green field.,in,zebra,field,standing,,
279714,392934,a car is parked next to a pole ,next to,a car,a pole,is parked,,
214205,407939,An airplane flying high with a full moon in the background.,with,An airplane,a full moon,flying,,
14831,417710,White and grey cat laying down on a white sheet.,on,cat,sheet,laying,,
128112,688278,A man skiing down a mountain side following a trail way.,down,A man skiing,a mountain side,following,,
109118,734398,A group of men standing and sitting next to each other.,of,group,men,standing,,
108244,478392,A black cat in a box wearing a pirate hat.,in,A black cat,a box,wearing,,
484893,243158,little kids in a barn petting a sheep in a stall ,in,little kids,a barn,petting,,
434230,747548,Various pots and plates displayed next to a woman.,next to,Various pots and plates,a woman,displayed,,
199681,161493,A stuffed rabbit has been placed inside of a microwave oven.,inside of,rabbit,a microwave oven,placed,,
423104,524956,A man who is jumping up to catch a Frisbee.,up to,man,Frisbee,is jumping,,
4795,359268,Gray cat looking at electronic monitor next to phone.,at,Gray cat,electronic monitor,looking,,
197658,38420,The baseball player is waiting for the ball.,for,player,ball,waiting,,
460682,702110,black and white of a horse lying down in a field,in,a horse,a field,lying,,
113051,189316,A boat in the water next to a rail in a tunnel.,in,A boat,the water,,,
153782,60836,A large clock standing among a building with a lamp in the from of the picture,among,A large clock,a building,standing,,
67616,93954,A restaurant with patrons in the outdoor eating area.,with,A restaurant,patrons,,,
405205,234641,A passenger bus that is parked in a parking lot.,in,bus,parking lot,is parked,,
557672,228566,It's important to protect a baby from the sun.,from,a baby,the sun,protect,,
581317,183788,Woman in purple shirt examines her cellphone in the open field.,in,Woman,purple shirt,examines,,
400794,401427,A man is eating some food at a table.,at,food,table,is eating,,
333697,471463,Two signs that are on the side of a wall.,on,Two signs,the side,are,,
223182,567762,a tennis player drying off his face with a towel ,with,face,a towel,drying,,
333772,535457,Two black and white cats are on a keyboard.,on,Two black and white cats,a keyboard,are,,
567432,824085,A plane flies by next to some power lines ,by,A plane,,flies,,
571008,720600,a stop sign with hammertime written on it,with,a stop sign,hammertime,,,
284764,50852,A man eats from a green dish while holding a handheld radio.,from,man,green dish,eats,,
306582,747311,Washed clothing is hung out on a clothesline in a cattle enclosure.,on,clothing,a clothesline,is hung,,
332845,324242,A man sits on his bed with a laptop in his bedroom as a ray of sunlight streams through the window.,on,man,bed,sits,,
458663,814499,Modern kitchen with dinning area and all wood flooring.,with,Modern kitchen,dinning area,,,
119516,188588,some buildings and a woman wearing a black dress and lights,wearing,a woman,a black dress,,,
168593,770011,An olive green refrigerator next to a white refrigerator in an old kitchen.,next to,An olive green refrigerator,a white refrigerator,,,
507667,115364,A bull painted with a map sits on the sidewalk.,on,A bull painted with a map,the sidewalk,sits,,
210388,478001,Some people are walking in the snow and having fun.,in,people,the snow,are walking,,
521052,251576,A decorated truck is parked at a curb near a building.,at,truck,curb,is parked,,
489611,261966,A boy in grey shirt holding a Nintendo Wii controller.,in,A boy,grey shirt,holding,,
520531,95123,A large calico cat sitting on a wooden table next to a remote control.,on,A large calico cat,a wooden table,sitting,,
414385,242598,a road filled with cars in a desert,in,cars,a desert,filled,,
559513,409612,A blue plate filled with a large serving of foood,with,plate,serving,filled,,
17714,789491,A banana frittata next to a plate of decoratively cut fruit and a cup of coffee.,next to,A banana frittata,a plate,,,
106757,563453,A woman standing behind a fence looking at an elephant.,behind,woman,fence,standing,,
499775,215555,The rear side of a bus on a street.,of,The rear side,a bus,,,
305309,602679,A boy swinging a baseball bat on a field near others.,on,a baseball bat,a field,swinging,,
143556,579003,The person is driving a motorcycle on the road,on,a motorcycle,the road,is driving,,
187745,267014,A small plane flying through a blue sky.,through,plane,sky,flying,,
260261,552311,A man in the back of a truck cutting fruit.,in,man,back,cutting,,
411754,212178,A man with glasses looking at his cell phone.,with,A man,glasses,looking,,
230166,32880,A herd of sheep grazing in a field.,in,A herd of sheep,a field,grazing,,
370711,339568,a picture looking in to an umbrella shop,in to,picture,umbrella shop,looking,,
162366,250476,A black parking meter next to a brick building.,next to,A black parking meter,a brick building,,,
285349,342799,A clear heart shaped jar filled with many colors of paper cranes.,with,jar,many colors of paper cranes,filled,,
166642,206712,an elephant in captivity with trees in the background,in,elephant,captivity,,,
519611,245799,a close up of a polar bear on a rock formation,up of,a close,a polar bear,,,
208363,591640,A group of people sitting around eating pizza together.,of,group,people,sitting,,
570539,494322,A man looking out the window of a bus,out,man,window,looking,,
378673,222702,A man riding a skateboard down the side of a ramp.,down,A man riding a skateboard,the side of a ramp,riding,,
389812,287516,A man standing holding a bunch of bananas.,of,bunch,bananas,holding,,
511453,429293,A plate with a pizza covered in french fries sits next to a beer.,with,A plate,a pizza,covered,,
17905,678661,A man standing next to a light and a sign.,next to,A man,a light,standing,,
49759,339136,A man serving a volley ball on a court.,on,ball,court,serving,,
195842,798679,a person standing in a living room with a remote control,in,person,living room,standing,,
73326,279207,An open refrigerator filled up with food and condiments.,with,refrigerator,food,filled,,
517056,509591,Two women stand over a table with a cake cut into pieces.,over,Two women,a table,stand,,
96427,293642,Young boys in the gym holding tennis rackets,in,Young boys,the gym,holding,,
416991,23904,Covered seating in front of a restaurant by a lake.,in front of,Covered seating,a restaurant,,,
453634,38283,A bathroom scene with focus on the toilet.,with,A bathroom scene,focus,,,
125850,639852,This gray cat has curled up into a ball,into,cat,ball,curled,,
151051,194112,A skier sliding down a snow covered hill.,down,skier,hill,sliding,,
6040,314069,An electric train is traveling down the track on a road.,down,train,track,is traveling,,
500663,231620,A herd of cattle grazing on a lush green field.,on,A herd of cattle,a lush green field,grazing,,
186296,420180,The grey and white cat is beside a rubber show.,beside,The grey and white cat,a rubber show,is,,
16439,33583,A lap top computer is open and on and is sitting on a desk next to a glass of liquid and a lamp.,on,A lap top computer,a desk,is sitting,,
176701,87908,A sign on the street that lets you know where you are.,on,A sign,the street,lets,,
404191,227538,A refrigerator freezer sitting in a yellow kitchen.,in,refrigerator freezer,yellow kitchen,sitting,,
513484,568856,A happy bear putting his paws in some water.,in,paws,some water,putting,,
560474,649953,A car is shown covered in dental items at a fair.,in,car,dental items,is shown,,
550714,312278,a close up of a child eating a banana,of,a close up,a child,eating,,
237928,750576,Small kitchen with cabinets and a microwave on the counter.,with,Small kitchen,cabinets,,,
515350,391852,A surfer kneels as he catches a large wave.,as,surfer,,kneels,,
466156,397842,Black cat sitting on the engine of a black car.,on,cat,engine,sitting,,
555705,246250,Two striped cats lying with two sneakers on a ledge.,with,Two striped cats,two sneakers,lying,,
177015,23541,A man sitting in a chair with a cat and a laptop.,in,man,chair,sitting,,
476119,550039,A man with a helmet on riding a skateboard in the street.,with,A man,a helmet,riding,,
46252,552994,A batter ready to swing at home plate with an umpire and catcher behind him ,at,batter,home plate,swing,,
236845,810053,a small street sign sits on a pole ,on,sign,pole,sits,,
544444,272448,A person skis down a snowy hill.,down,person,snowy hill,skis,,
284725,501698,a public transit bus on a city street,on,a public transit bus,a city street,,,
333402,323140,A man walking towards a blue and white bus on street.,towards,A man,a blue and white bus,walking,,
248111,636156,A white refrigerator freezer sitting inside of a kitchen.,inside of,A white refrigerator freezer,a kitchen,sitting,,
265108,263254,A balloon is tried to a bag right next to a luggage bag.,next to,a bag,a luggage bag,is tried,,
98839,436501,A cat that is looking at a television screen.,at,cat,television screen,is looking,,
172648,525539,A man in a construction outfit leaned over a utility truck.,in,man,construction outfit,leaned,,
145620,738417,a guy riding a dirt bike on a course,on,a dirt bike,a course,riding,,
260106,411511,A person riding a horse who is jumping over obstacles.,over,horse,obstacles,is jumping,,
47828,167746,People walk by a boat near a lighted bridge,by,People,a boat,walk,,
447789,272660,A Do Not Enter Sign with a Two Way Street Sign above it.,with,A Do Not Enter Sign,a Two Way Street Sign,,,
80949,516656,A kitten laying asleep on top of a turned on laptop.,on top of,A kitten,a turned on laptop,laying,,
395180,658601,a person on a bike that is by some water,on,a person,a bike,is,,
525083,769749,a view of a kitchen from across the room.,of,a view,a kitchen,,,
98392,233105,An elaborate lamp post clock in a traffic circle,in,An elaborate lamp post clock,a traffic circle,,,
148719,297873,A red Dodge truck is parked near another Dodge.,near,A red Dodge truck,another Dodge,is parked,,
147745,801527,Two trucks parked next to each other on a dirt road.,next to,Two trucks,each other,parked,,
22192,374829,A dog is sitting on an unmade bed with pillows.,on,dog,an unmade bed,is sitting,,
66926,405704,A bunch of glazed donuts sitting on a table.,on,A bunch of glazed donuts,a table,sitting,,
244496,564737,A person with a tie and a suit.,with,A person,a tie,,,
137727,159840,A high-speed passenger train is being loaded with luggage.,with,train,luggage,loaded,,
271728,765614,A cat lying on a sofa in front of a computer.,on,cat,sofa,lying,,
252716,490106,there is a frisbee lying next to a tree in a grassy field,next to,a frisbee,a tree,lying,,
175443,676750,Teddy bear with a red bow hanging on a Christmas tree.,with,Teddy bear,a red bow,hanging,,
235784,785752,A woman hiking across snow covered ground with two ski poles.,across,woman,snow covered ground,hiking,,
201676,46459,Three zebras stand in a field near a tree.,in,Three zebras,a field,stand,,
243148,430504,A little child sits in the snow with skis.,in,child,snow,sits,,
438955,802973,competitive skiers ski forward on a flat surface,on,skiers,a flat surface,ski,,
570782,206637,a desk with two laptops and a monitor,with,a desk,two laptops,,,
470924,328872,A group of people sit at a wooden table with pizzas on it in an outdoor place.,of,group,people,sit,,
260106,411352,A man jumping a brown horse over an obstacle.,over,a brown horse,an obstacle,jumping,,
92416,94105,A man holding a bottle of something to drink,of,bottle,something,holding,,
187513,29607,A photograph of a newly remodeled bathroom in a home.,of,A photograph,a newly remodeled bathroom,,,
564133,117355,Pack of 6 elephants walking through the native brush.,of,Pack,6 elephants,walking,,
200152,211288,A wall street street sign in front of a lit up street.,in front of,A wall street street sign,a lit up street,,,
17115,605802,A rear view of two zebras with their heads up against a fence.,of,view,two zebras,,,
227686,170164,A bridled mule stands in front of trees and leaves.,in front of,A bridled mule,trees,stands,,
499181,138575,There are many cars that are parked in the parking lot,in,cars,parking lot,parked,,
210915,564699,A person on a surfboard in the water.,on,person,surfboard,,,
344611,628203,a street sign mentioning water on the road,on,water,the road,mentioning,,
111036,360287,An old oven left outside in the garbage.,in,oven,the garbage,left,,
383339,35576,Red clouds as sun sets over the ocean,over,sun,the ocean,sets,,
298251,219684,A panoramic view of zebras in a dry field.,of,view,zebras,,,
243626,61129,A plate with green beans and a protein and some polenta with cheese.,with,A plate,green beans,,,
477441,266609,A large passenger jet sitting on top of an airport tarmac.,on top of,A large passenger jet,an airport tarmac,sitting,,
286503,322778,An elephant playing with a sack handing from a concrete structure.,with,elephant,sack,playing,,
15079,820217,Two sandwiches have been halved and placed on a plate with a knife.,on,Two sandwiches,a plate,placed,,
84170,140676,A bus driving on a rain covered street,on,A bus,a rain covered street,driving,,
193245,228193,A group of people flying kites by the river.,of,group,people,flying,,
243075,488807,A wet polar bear looks up at the sky in his zoo enclosure,at,bear,sky,looks,,
425221,118988,people in an air port waiting area ,in,people,an air port waiting area,,,
14473,654347,A very nice looking toy train and some workers on the tracks.,on,some workers,the tracks,,,
511999,828277,A yellow train next to a platform with two men wearing orange jackets and another man standing next to them.,next to,A yellow train,a platform,,,
547144,675402,a long disk with several laptops and PC computers ,with,a long disk,several laptops and PC computers,,,
407524,651863,Pasta with sauce and broccoli on white plate.,with,Pasta,sauce,,,
526706,283119,a small calf nursing a cow in a pasture,in,a cow,a pasture,nursing,,
240250,265970,A woman is eating pizza with a fork.,with,pizza,a fork,is eating,,
229858,195057,A deer comes out of the bushes for its child,out of,A deer,the bushes,comes,,
492362,542340,A man in front of a vendor on a skateboard.,in front of,A man,a vendor,,,
334521,665564,Two giraffes stare at a crane from behind a fence.,at,Two giraffes,a crane,stare,,
84650,494423,A cat lying on a suit case and looking alertly.,on,cat,suit case,lying,,
50380,225113,A man guides a pony with a young boy on it's back.,with,a pony,a young boy,guides,,
302030,513031,The desk with a laptop has papers strewn all over it.,with,The desk,a laptop,has,,
469067,540733,A sleeping woman cuddling a cat in bed.,in,cat,bed,cuddling,,
147205,767906,Arrangement of food with variety of meat and potatoes in upscale fashion.,of,Arrangement,food,,,
482319,520854,A man and a woman playing with a baby.,with,a man and a woman playing,a baby,playing,,
26690,719216,A man is high in the air as he skateboards on the ramp.,in,man,air,is,,
368684,496936,A laptop sitting in a room with a big TV.,in,laptop,room,sitting,,
450399,752693,a man is standing behind a glass counter,behind,a man,a glass counter,is standing,,
574297,759437,A man that is riding a horse on a dirt road.,on,horse,dirt road,is riding,,
203488,203464,A silver and gray parking meter sitting by a tree.,by,parking meter,a tree,sitting,,
360960,487760,A person is holding up a large colorful umbrella,up,person,umbrella,holding,,
478286,382774,A large long train on a steel track.,on,A large long train,a steel track,,,
309655,806273,A woman on skis in front of people on a slope.,on,woman,skis,,,
400815,720723,A man sitting in the back of a truck.,in,man,back,sitting,,
438017,626581,A red stop light that is over a street.,over,A red stop light,a street,is,,
465180,247735,People riding and washing elephants in a stream.,in,elephants,a stream,washing,,
33114,462931,Searchlights in front view and a plane on a wide runway in the background.,in,Searchlights,front view,,,
7991,587270,Carrots and small green beans on a white plate.,on,Carrots and small green beans,a white plate,,,
164115,228284,A surfboard is stowed in a rack alongside a walkway.,in,surfboard,rack,is stowed,,
42889,482284,Stuffed bear wearing glasses with electronic audio equipment.,with,glasses,electronic audio equipment,,,
236721,650804,The meal is ready on the tray to be eaten.,on,The meal,the tray,is ready,,
267946,734640,A sign for a public restroom is in more than one language.,for,sign,a public restroom,is,,
78420,806757,A cat curled up by the keyboard of a laptop.,by,cat,keyboard,curled,,
431545,574262,A baseball runner slows as he arrives at third base,at,he,third base,arrives,,
132116,133650,A bowl full of meat and vegetables ready to eat.,of,bowl,meat and vegetables,,,
284296,272486,Three giraffe's leaning over to get a sip of water.,of,sip,water,get,,
524108,453753,There is a group of motorcycles that are parked together.,of,group,motorcycles,is,,
184400,369699,A subway train that is passing over a train bridge.,over,A subway train,a train bridge,is passing,,
140583,384800,A flock of animals stand on the road near mountains.,on,A flock of animals,the road,stand,,
98633,313029,The cake is topped with five whole strawberries.,with,cake,five whole strawberries,is topped,,
107339,821135,Two girls play Wii in a room with ourange rugs and white sofas.,in,Two girls,a room,play,,
47112,36184,A pizza sitting on a plate in front of a glass of wine.,on,A pizza,a plate,sitting,,
549738,123415,A photo of a kite is a town in the background.,of,A photo,a kite,is,,
289659,591054,The giraffe is eating grass from the hill side.,from,grass,the hill side,is eating,,
341058,648155,A lamp post stands next to an umbrella and table.,next to,A lamp post,an umbrella,stands,,
152686,675990,A man dressed in orange is playing tennis.,in,man,orange,is playing,,
323151,333395,A table is set with pizza and beer and a salad.,with,table,pizza,is set,,
42178,416931,Smoggy picture of many trains in a busy train station.,of,picture,many trains,,,
492905,752060,a computer monitor and keyboard on a desk,on,a computer monitor and keyboard,a desk,,,
559348,615698,A baseball game in progress with the batter up to plate.,in,A baseball game,progress,is (implied),,
