image_id,id,caption
190236,401,An office cubicle with four different types of computers.
517069,447,Two women waiting at a bench next to a street.
182417,856,A beautiful dessert waiting to be shared by two people.
172330,1536,A cat in between two cars in a parking lot.
109976,3202,A white stove sits between two small counter tops.
172330,5037,A cat stands between two parked cars on a grassy sidewalk.
172330,5406,A cat at attention between two parked cars.
472678,7482,An office desk with two flat panel monitors.
534605,8173,Three men standing around their motorcycles in a parking lot.
534605,8272,Group of three motorcyclists standing in front of their motorcycles.
11511,10030,A sculpture of two women stting on a bench with their purses on the ground while people standing in a line behind them.
11511,10939,A metal statue of two women sits on a bench in a city street.
472678,11319,"An office desk with two computer screens, books diagrams and a phone on it."
472678,11616,Two computer monitors are placed beside each other on a desk.
63740,14472,Two computers sitting on top of a desk.
472678,16074,A desk with two monitors depicting security cameras.
11511,16927,A statue of two women with purses sitting on a bench.
249025,17536,There are two yellow flowers inside a vase.
11511,19042,A statue of two people sitting on a bench.
63740,19458,A desktop with two computers and fruit on it.
11511,19711,A metal statue of two women sitting on a bench.
393569,19942,Three people live in one room who share a bathroom.
192871,19973,One apple and several oranges sit in a bowl.
249025,20431,Two orange roses in a small vase with water.
221754,22603,A four cross street of a downtown area.
177934,24725,Two young women are washing two motorcycles with hoses..
63740,27981,a laptop computer a keyboard and two monitors.
201775,29195,A bathroom with two urinals and a sink.
298396,29483,A fully-stocked kitchen with no one in it.
201775,30641,"A public bathroom with two urinals on a wall, and sink with a mirror over it on another wall."
201775,30707,Two urinals and a sink in a bathroom.
557501,33461,a bathroom with two sinks near towel and soap dispensers.
557501,33746,A restroom with two sinks and a red colored stall.
127987,35494,A baseball player bobble head next to two computer monitors on a desk.
435880,37728,A refrigerator and freezer placed next to one another.
368335,39043,a brown horse is walking in between two cars.
204186,40309,Racers riding four wheelers while a crowd watches.
368335,41113,A horse walking between the parking spaces of two cars.
127987,42985,A desk with two computer screens and a Cecil Cooper bobble head.
368335,43048,A horse is standing between two parked cars.
204186,43060,Spectators enjoying a show of two men on four-wheelers.
204186,43843,Two men ride on atv's and tilt them to the side.
423798,44241,"An empty street at night with bright lights shining from the light poles, and one very bight light reflecting off the pavement."
204186,45322,Two men doing a stunt show on four wheeler ATV vehicles.
368335,45775,"From the rear, we see a horse standing between two cars parked in a parking lot."
102411,50819,Two people riding a motorcycle to the beach.
102411,56807,Two people sitting on a motorcycle in the street next to a beach.
543047,59777,"A living room and dining room have two tables, couches, and multiple chairs."
102411,61028,Two people are riding a motorcycle on the beach.
86220,64471,A white car and a white bus parked parallel from one another.
571804,70521,Ten porcelain pieces with floral patterns painted on them.
78404,70600,Three women sitting on a park bench next to each other.
71711,75935,An air hanger with two world war two airplanes parked next to each other.
221708,76267,A kitchen with a table and four chairs.
85576,76602,An empty toilet stall with two rolls of used toilet paper and one full roll.
85576,77508,Two empty toilet paper roll holders hang in the stall while the empties lay around and a nice roll sets on the bar.
571857,85001,"In the desert, two people are sitting next to a small propeller plane next to a tent with other planes in the background."
163746,85903,Two almost identical photos with some minor cropping show two young girls standing on the coast with people in the water in the background as a plane flies overhead.
571857,90485,two people outside sitting on chairs with planes around them.
571857,98324,two people are camping out in the desert.
214192,100329,two motocross racers in the middle of a race.
214192,101382,Two competitors skidding during a dirt bike competition.
214192,102447,A picture of two motorcross people skidding in the dirtroad.
214192,107862,two people on dirt bikes making turns on a track.
206135,111064,The view of four cows standing in a row from behind.
206135,115039,Four cows stand in the parking lot of a church.
216497,116851,In an unfinished room a counter sits with three chairs while a stove and cabinets sit in the distance.
1761,117569,Two planes flying in the sky over a bridge.
3661,118293,The four huge bananas are still connected together.
441586,119284,a person riding a two thick wheeled bike on sand.
1761,119546,"Two planes fly over a bridge in Sydney, Australia, with the Sydney Opera House in the background."
441586,119737,A man standing on a vehicle with two large wheels.
537812,120417,A small bathroom with two containers catching plumbing drips.
58705,121587,Two people posing in funny hats for a camera.
1761,123905,two jets are flying over a bridge and some water.
1761,123944,Two airplanes flying in the sky above a black bridge.
267351,126355,Two clocks on perpendicular facades of a church bell tower.
427338,130715,Two men are riding motorcycles through some ruins.
527220,133025,A red Ferrari at a gas station showing the gas prices and three mopeds.
122217,133434,Two people skateboarding down a roadway in a downhill descent.
206135,135823,Four cow rears stand in front of a building with a steeple.
122217,136170,Two male skateboarders rolling down a paved slope.
168337,136635,Two people outside of a stone building near a red fire hydrant.
122217,137943,"Two longboarders coasting, crouched, across a downhill road."
58705,139221,There are two people posing and one man is holding a banana.
122217,140499,two people riding skate boards on a hilly road.
122217,142149,Two people on skateboards riding down a slanted road.
168337,142653,There are two people standing on the side of a street.
206135,158965,There are four cows standing on the side of a road.
522751,162232,A traffic signal next to two other traffic signals.
435003,167840,A desk with two computer monitors and a laptop.
435003,168482,A computer desk that has three monitors on top of it.
491090,169865,A man sitting on one of a group of motorcycles.
130826,171485,Two men sitting next to each other on a wooden bench.
472623,175846,A man balances his bicycle on one wheel.
384850,176156,A bathroom with a shower curtain that has four palm trees on it and a white tile floor.
435003,177335,A computer workstation with a laptop and two additional monitors.
384850,177674,A bathroom with a white shower curtain that has four trees on it.
531707,185285,Four older men sitting on a wooden bench.
130826,185306,two elder people sit on a bench on a bus street.
531707,185792,A black and white photo of four elderly people sitting in a bench overlooking the ocean.
53505,186030,There are a variety of bottles and two towels over the toilet.
570782,187008,Three computers without screens sit on a desk.
531707,188567,A group of four elders sit on a park bench in front of the ocean.
69213,189060,Two men wearing suits and hats are walking together.
408112,193073,Two airplanes are parked on the landing strip.
221502,195569,A memorial park bench with two pots of cut flowers.
243495,197203,There are two rolls of toilet paper and a hand dispenser on the bathroom wall.
69213,197682,Two men in blazers and fedoras with a moped in the background.
286907,199497,A simple blue bathroom with only one toilet.
553094,202399,two gray jets are flying next to each other.
69213,203784,Two men who are wearing suits and hats standing next to each other.
69213,204414,two men wearing hats standing next to each other.
69213,205830,Two men are dressed in blazers and hats in a rural village area.
84752,206324,a jet on three pillars in front of a building.
570782,206637,a desk with two laptops and a monitor.
84752,206684,A fighter jet sitting on top of a set of three cement blocks.
408112,209795,One white and red plane and one grey plane on the ground.
536343,211955,Photo of a bathtub with two towels placed on a rack at the far end of the tub.
8211,215677,Two people are sitting on chairs talking on at a corner.
8211,216061,Two men sitting on the street in front of a building.
34873,216966,a black counter a sink and a table and two chairs.
570782,220185,Three computers sit opened on top of the desk.
293324,232469,Three Finnair planes are parked at the gates on this side of the terminal.
33854,233673,Two cars facing towards a variety of motorcycles.
8211,235663,Two men setting next to each other on the street.
33854,235710,Two very old time cars in front of a group of motorcycles.
467511,243628,Two adults with helmets beside a motorcycle on pavement.
11149,244901,Two parked bikes on a sidewalk with a person riding a motor bike.
383443,251941,A large white bathroom with two vanity sinks and a bathtub.
467511,252139,two people stand in front of a motorcycle.
209613,261466,Three look alike dogs are herding sheep into a pile.
209613,263731,Small group of sheep being herded by three border collies.
386457,265168,Cat wedged between two large oak doors trying to get out.
209613,266209,These sheep are being watched by three dogs.
77396,266274,These two cats are playing in a room that has a large TV and a laptop computer.
103585,267139,A bathroom with two sinks sitting under mirrors.
37670,267632,Someone holding up a remote with six buttons.
386457,268483,a cat stares through an opening between two doors.
77396,268530,Two cats playing in a room with a laptop and television.
209613,268615,A group of sheep in a field with three dogs close by.
44279,269948,Two men work in the kitchen of a restaurant.
44279,270368,Two men cooking in a stainless steel restaurant kitchen.
44279,271061,Two men cooking and packaging food in a kitchen.
209613,272065,A group of sheep surrounded by three dogs.
103585,273622,a bathroom with two sinks with a light on above them.
103585,274594,A toilet with two sinks and mirrors with lights on.
77396,276078,"One cat lying on the floor, and another with its front paws up on a stool."
255401,276787,A dirty bathroom with two toilets and a sink.
173302,277255,An empty restaurant with two employees working behind the counter.
490936,282935,two covered motorcycles in a row of motorcycles parked on the street.
376310,294274,A rest room with three sinks and a well lighted mirror.
376310,294787,A nice lighted bathroom has three fancy sinks.
376310,299533,A purple bathroom with three sinks and a purple countertop with a mirror surrounded with light bulbs.
449996,309912,Two planes in runway and another plane in the sky.
534827,311018,five men riding their motor cycles on the street.
449996,313263,Two jumbo jets are driving on the runway of an airport.
449996,314817,Some parked airplanes and one airplane in the sky.
534827,315014,Five people riding some motorbikes on the road.
480021,315791,A man on a motorcycle is waving at two men.
565045,316449,Blue bathroom with two white towels hanging by the shower.
565045,317697,Two towels are hanging on the wall beside a shower door.
508370,320591,A couple of men as one points to the right next to a bicycle.
300659,320904,Seven jets fly in formation leaving trails of smoke behind them.
363840,321537,A desk with two laptops and a monitor.
241319,321762,A bathroom sink with two toothbrushes facing each other.
363840,322035,"Two laptops,computer,keyboard and other electrical gadgets are on the table."
363840,322041,two laptops a mouse cords wires and a monitor.
52996,322128,Two woman soldiers talking to other women in a kitchen.
186980,322432,A wooden table with two chairs next to a sink.
241319,323160,Two toothbrushes sits on the opposite side of each other on the double faucet sink.
186980,323698,a wooden dinette table and two chairs with place settings.
241319,323970,Two toothbrushes each in a glass on the sink.
508370,325865,two men standing next to a bike parked on a street corner.
37751,327005,Two motorcycle riders are on a dirt path.
508370,329483,There are two men standing next to a bike and a doll.
244833,335821,there are two motorcycles that are parked behind seats.
182611,341044,Two people with lots of food on a table and each has a plate.
244833,341869,two motorcycles line up as they lean against some seats.
453302,351186,"A workplace break room kitchenette, with refrigerator, two microwave ovens, a toaster and sink."
57672,353568,The boat is full of many rowers as one person stands steering.
453302,353745,A break room kitchen is shown with two microwaves.
84241,364658,Three women cooking in a professional kitchen together.
84241,367343,Two women are laughing in the kitchen while they cook.
84241,367931,two women are talking while they cook in a kitchen.
519569,372699,The small kitchen has large cabinets and two stoves.
135673,374914,Two planes are close together in the sky.
135673,376624,Two planes fly in the air near each other.
135673,377479,Two airplanes having a close call in the sky.
227478,377837,"two women sitting on a park bench, one looking over her shoulder."
227478,378284,Two women sit next to each other on a park bench.
227478,378974,two people sitting on a bench near trees.
446651,381389,a close up of two people riding a motorcycle.
254814,381748,Lot of two wheelers crossing across the road at a signal.
135673,383611,Two large airplanes flying through a blue sky.
279278,396547,Three people stand on the street talking next to a dog.
32817,398202,Two men stand over the green water spilled from a toilet.
32817,398520,Two men working on and repairing a toilet.
22396,400283,an air plane in the sky with a three quarter moon out.
32817,401379,Two men are doing work in a bathroom.
144003,402165,some people and two women are cutting a white cake.
485237,403400,Two large jets sitting on top of an airport runway.
323202,406886,A toilet that has three sea shells on top.
485237,408872,Two commercial jets on a runway at an airport.
485237,408980,Two planes are on a runway beside trucks.
291634,409376,One bicycle is parked next to many motorcycles.
323202,410456,A toilet with three seashells sitting on top of it.
186632,410660,The large bathroom has four sinks and a chandelier.
485237,413363,Two jumbo jet air planes on a runway facing each other.
239041,415508,A bathroom with purple walls and two mirrors.
485237,416102,Two large jets facing each other at an airport.
323202,417947,White toilet in a restroom with three seashells on the tank.
433915,419478,A picture of a tv screen with two faces overlapping.
433915,420747,The TV has two men merged together on it.
287545,426425,Two giraffes look over a railing blockade.
291791,429691,two people standing near a motorcycle on the grass.
287545,430151,Two giraffes have a big log in their enclosure.
38829,432080,Two men ride a big along a busy street.
38829,432092,Two boys riding on a single bicycle on a city street.
267537,434064,A black and white scene with two couples under umbrellas and rain jackets sitting at a stadium.
38829,435071,Two men are on a bicycle and a third is on a scooter.
566042,441458,Six giraffe are standing looking in the same direction.
566042,444848,Five giraffes standing together and eating near some trees.
104572,453676,"There is an empty tiled bathroom, with two sinks and two mirrors."
104572,454450,This is a commercial bathroom with orange and gray mosaic tiles and three sinks.
210032,455204,Two birds preparing to eat food off of a plate that was left on a table outside by the ocean.
129756,458612,there is a man standing on a hill with sheep and two dogs.
210032,458957,there are two birds standing on the plate of food.
376284,463519,there is a fire hydrant surrounded by three metal poles.
111086,471884,Two rows of cars parked next to a boat.
154718,472942,A white toilet filled with crap with two pink roles of toilet paper.
290768,473982,Three mugs are on the kitchen counter of a stove.
166521,475601,A room that has two televisions in it.
166521,477725,A living room with two televisions decorated for the holiday.
479126,483799,Two women sitting outside hanging out and smoking cigarettes.
187249,483901,Television showing a movie with one man threatening another with a razor blade.
479126,487723,Two girls sitting outisde smoking and one girl on a laptop.
169996,488329,Two men ride bikes next to the cars in the street.
493286,488591,The restored old time car is parked near a four engine airplane.
169996,490138,Two people are riding bikes through the street traffic.
472046,497700,a kitchen with two pineapples on the counter and a wok pot on the burner.
301135,498313,Many people are sitting on two benches next to a light pole.
423123,508075,two people bent over to look into a little fridge.
423123,510691,Two people point at what's in a mini fridge.
45596,515298,a bunch of parked bikes sit between two buildings.
7386,531857,a home made three wheeled trike sitting in a driveway.
497568,541624,A commercial plane being serviced by two people.
98018,543904,a two burner stove a door a window and a table.
502136,545883,a run down building with two planters outside the door.
109900,548752,"Landing strip with two planes, several men and an SUV."
289992,550360,The bathtub takes up one wall of the small bathroom.
183709,556475,Four people wait to cross the street at an intersection.
22969,560047,"Two giraffe stand in an enclosure, on giraffe leans over the wall."
22969,570958,Two giraffes in a zoo enjoy a walk and a snack.
161044,577292,The two airplanes are in the air next to eachother.
161044,579740,Two airplanes are flying in the cloudy sky.
161044,581993,Two planes that are flying in the sky.
6818,585472,"a shower room with two buckets, tolet paper holder and soap."
383676,595224,Two giraffes stand near rocks in a zoo.
203389,595806,A group of men stand around three motorcycle riders.
581615,600419,a urinal hanging on a wall in between two stalls.
525322,600949,two stunt airplanes touching their wings as the fly.
525322,606064,Two jets are flying against a bright blue sky.
525322,608659,two air planes flying in the air near one another.
464476,618921,A building has two macintosh computers at the workstations.
489305,619799,A person shows two bowls full of different fruits.
109055,622325,A cat sitting between two bikes sitting next to each other.
352618,627537,"A pear, orange, and two bananas in a wooden bowl."
479912,632027,The loading dock is attached to the side of a four engine airliner.
479912,635099,An airplane with one wing stands motionless on the tarmac.
144300,639938,A motorcycle parked behind two vans in a parking lot.
348216,643195,There were six toilet all lined up along the wall.
108026,650948,A computer user types one handed on a keyboard.
348045,652699,Three white urinals mounted to a bathroom wall.
348045,655255,Three urinals each have small signs posted above them.
348045,655267,Three urinals are displayed with sings above them.
529966,656141,Two glass bowls of oranges add up to more than enough.
260657,657129,These two photographs show the old sign and the new sign of this restaurant.
482100,657311,Two toilets sit outside a fence on the sidewalk.
58539,657362,"A man in a red hat, suit, and blue striped tie walks past two other men on a street."
482100,657380,there is two toilet bowls outside one is blue.
260657,657645,Two tall signs advertising Mexican food under a cloudy sky.
529966,659171,Two clear glass bowls full of oranges on a bar.
482100,660773,Two toilets sit outside with for sale signs on them.
529966,661784,Two bowls of lemons setting on a shelf.
482100,664160,Two toilets sit outside on the pavement next to a yard with many decorations.
173799,665512,Two men herding a pack of elephants across a field.
529966,666182,Two bowls of oranges are sitting on a metal surface.
567197,667679,There are two old trucks parked next to the building.
225184,668070,Three sheep and a dog standing in a field.
225184,668358,Three sheep running from a dog in the grass.
173799,670513,Two people stand in front of a bunch of elephants.
342367,671034,A TV showing two men in hats and women.
260657,672792,two signs that are advertising a mexican restaurant.
7574,673485,"A kitchen with two sinks, a counter, detergent, a stove and a refrigerator in it."
488592,676535,Some one riding a bike through a market.
342367,677523,A television with two men and a woman on the screen.
173799,677779,Two elephant herders stand next to a large group of elephants in a field.
78266,681442,A clean industrial kitchen with no one in it.
342367,682233,A TV with a picture of two men wearing black hats.
97679,686964,A car with a snowboard on it's ski rack parked in a foggy parking lot next to two cars with empty ski racks.
97679,689685,Two car facing opposite side to side in overcast day.
360951,695028,this si a desk with two computers on it.
175364,695751,"A kitchen with two stoves, an island, and appliances."
59920,695754,"A bathroom with two toilets and a shower in it, with no space for any of them."
175364,696279,this is a kitchen with two stoves and a table.
178982,696877,there are two people on motorcycles approaching a tunnel.
178982,701113,Two motorcycles going through the tunnel at night.
402473,705501,there are two cats that are laying with each other.
402473,705882,Two cats laying together on a bed or floor.
509260,706593,A old television set is displaying an old computer game in front of two bookshelves.
402473,706602,Two different color cats laying beside each other.
402473,707445,two cats in a room next to a white wall.
507975,720267,three men riding horses through a grassy field.
193926,721954,Four different photos of bananas and banana holders.
507975,723159,three horses and three jockeys are racing near a silver car.
89556,724053,Two silver cars parked beside each other in parking spots.
507975,725553,Three jockeys and three horses competing in a race against each other.
239627,726678,Two sinks in a kitchen with dirty dishes in them.
111951,730034,Modern bathroom with two sinks a toilet and a shower.
266206,730840,The bathroom door has three panels of frosted glass.
68093,732655,Two people posing together outside with their motorcycle.
370208,739786,The ten speed bike is attached to the pole.
234807,739907,Two horses standing around n a field near a brick building.
192699,742733,Two people stand near a bike wearing helmets.
383676,746658,two giraffes taking turns eating leaves from a tree.
504074,762988,Two women sitting together in the back yard.
504074,764059,"Two people sitting outside, one with a laptop."
206271,767030,The two urinals are on the wall with color tiles.
508482,768159,Train stopped at the platform has it's doors opened on one side.
283785,768243,Two men dressed as animals entertaining a group of children.
206271,768356,Two urinals in a restroom with multicolored tile.
206271,768962,"A view of a bathroom, with two urinals in it."
577932,770382,Two people walking down the street one of which is riding a pink bike.
206271,770492,Two wall mounted urinals sitting next to trash cans.
85376,774150,two green and black motorcycles parked and some cars.
262682,779797,Two sinks that are in a kitchen near a window.
206271,779966,two urinals near one another with trash cans.
131386,791172,A row of four trick Navy Planes flying in sequence.
35770,797290,a bathroom with three toilets and a big sink.
261888,800197,A bicyclist waiting in the roadway until two horses pass.
261888,803818,a bicyclist rests on a bike on an empty highway with two horses walking alone up the street.
575970,804321,A neatly arranged room with two lights.
281693,804833,an airline with airplanes from one world parked on the air field.
575970,806373,Three bar stools in a kitchen with a black refrigerator.
534664,813298,The luggage suitcases with tags on them are stacked near one another.
129756,821521,An old shepherd with two dogs watching his sheep on a hill.
479126,821945,Two girls are smoking cigarettes while one is playing on the laptop.
210032,825720,This is two birds pecking at the remnants of a burger at an outdoor restaurant.
6213,826351,"A bathroom has two sinks, a bathtub, and a shower."
192699,826511,Two people in BMX gear in a redwood forest.
6213,827023,The bathroom had a tub with two sinks and a separate shower.
192699,827261,Two people wearing helmets while riding their motorcycles.
370208,827956,Someone has parked a classic orange ten speed bicycle.
192699,828424,Two people wearing helmets riding motor bikes in the woods.
394611,5720,Two tall giraffes graze on bushes in an open field.
394611,6122,Two giraffes eat from a tree in the wild.
394611,9488,Two giraffes browsing on a bush under a cloudy sky.
439593,14023,Two trains parked at a train station as passenger wait to board them.
581100,18281,Two giraffes and several other large animals roam a tropical zoo paddock.
581100,18752,Two giraffe's and a water buffalo in a zoo type environment.
353518,20113,Five boats sitting on the beach by the ocean.
581100,20669,two giraffe are standing and the other animals are walking.
344059,22001,Two tall giraffes standing next to each other by trees.
344059,22967,Two giraffes nudging over a pole in a forested area.
581100,23177,Two giraffes looking at the other animals in the enclosure.
344059,25451,Two giraffes eat from a tall food post in their enclosure.
344059,26870,Two giraffe standing in a field next to trees.
228771,29747,Two street signs side by side on a street corner.
228771,32168,Street signs with two street names showing Little Italy district.
228771,36350,Street signs show the intersection of two city streets.
345361,40382,Four children at an outdoor party wearing festive hats.
345361,40730,Four children sit eating birthday cake at a picnic table.
420472,48461,Two giraffes are eating a leafy branch together.
578967,48500,A three car passenger train on the train tracks.
420472,48956,Two zebras eat a piece of a plant.
420472,49640,Two giraffes eating some crop during the day.
315450,50481,Two large buses traveling down a busy city street.
436551,51484,two black birds are swimming in some water.
420472,52946,Two giraffe's fighting over a piece of food.
420472,53600,Two giraffes share a branch that they are eating.
436551,55207,Two black geese are swimming in cloudy water.
327890,57115,photo of three benches for sitting facing each other.
327890,58030,Three empty park benches sitting next to orange and pink walls.
327890,59131,Three empty benches face each other beneath a canopy.
459437,59531,Four sheep standing against a fence looking at a man with a red bowl.
436551,60205,Two black swans are floating in a lake.
171298,61589,Three yellow coach buses parked in a line.
365655,63597,One woman standing behind large specialized bus in mountains by glacier.
417779,68086,A fire hydrant stands at the corner of two city streets.
445365,68133,Two giraffes are shown standing in a grassy field.
445365,69630,"Two giraffes, one looking toward the camera, stand on some grass."
423617,69969,"Two buses and a taxi go down a street,."
423617,70155,Two city buses traveling down a rain covered road way.
349302,70424,The two giraffes are standing in the dirt.
445365,70482,The two giraffes are standing in a pasture.
349302,71888,two giraffes standing under a tree to get some shade.
349302,74426,Two giraffes standing next to power lines in the sand.
349302,74615,TWO GIRAFFES STANDING IN THE SHADE OF A TREE.
445365,74847,Two giraffe standing in a green grass covered field.
520009,75214,TWO PEOPLE ARE WALKING NEAR A MINI TRUCK IN A STREET.
157098,76248,Three giraffes standing up in a field eating leaves off of trees.
460347,77750,A white bus driving on a four lane road.
374727,85517,A street sign showing four different roads on it.
157098,90339,Two giraffes make contact while a third eats from a tree.
157098,90372,Three giraffes are in an enclosure with heads in the air.
215723,96168,Two men smiling and wearing yellow jackets behind construction markers.
157098,96516,Three giraffe's in a green grassy tree filled area.
180011,96667,"Four young giraffes in a zoo, with one of them being fed leaves by a person."
173183,98243,two street signs one is green and white the other brown and white.
157098,98982,"Three giraffes on a green field with sand, rocks and trees."
183104,98988,an image of two giraffes in a crate.
333069,99135,"Two giraffes in the trees, one standing up."
173183,99881,Two street signs atop a post beneath several trees.
180011,100093,A man is offering leaves to four giraffes.
122927,102942,Two adult pheasants walking slowly across a street.
312549,103115,There are two white street signs showing directions.
215723,103653,Two men in neon yellow safety jackets sharing a meal next to a food car.
122927,103758,Two small birds walking on a sidewalk next to patches of grass.
180011,104992,a close up of four giraffes next to a man.
65455,105050,A group of children feeding two giraffes at a zoo.
183104,107004,Two girrafes sticking their heads through the boards of their stable.
547383,107523,Two adult sheep lay on the green grass.
138550,108193,there is a red fire hydrant on a street between two identical white poles.
207728,108495,two white goats in a snowy field look at a tree.
138550,108613,an orange fire hydrant between two white poles on the side of a sidewalk.
207728,109116,Two white goats standing near some melting snow.
180011,109897,A man feeding four giraffes grass and leaves.
180011,110368,A boy feeding four giraffes at a zoo from his hand.
215723,110811,Two men wearing bright yellow construction jackets eating and standing under an orange umbrella.
207728,110961,Two mountain goats standing outside by the snow.
547383,111291,Two sheep sit in a field and look towards the camera.
215723,112134,Two men in yellow jackets sitting at a table eating.
547383,113073,Two sheep lying in green grass have a surprised look for the camera.
122927,114309,Two birds walking down the road in the daytime.
547383,116067,Two sheep lay in the grass and look at the camera.
183104,117474,The heads of two giraffes sticking out of a building looking around.
183104,117801,Two giraffes stick their heads out and get their picture taken.
548780,117817,Two sexy young women sitting on a metal bench in front of flowers.
461573,118357,Two steel benches next to a walk way.
476491,118824,an alley between two buildings with a sky in the background.
547383,119193,two sheep laying in a field of grass.
183104,120579,Two zebras stare at the camera in a zoo.
476491,121494,A narrow road in city between two buildings.
203294,122116,Three women standing near a bus that has the face of a cat painted on the front.
461573,122800,Two old medal benches are put together on a side walk.
235252,124560,THREE GIRAFFES STANDING NEAR A TREE IN A FOREST.
122927,124911,Two game birds with red heads on the sidewalk.
333069,125868,One giraffe is crouched down while another peers out of the shrubbery.
478862,127016,A large plane with two propellers on it.
579893,127834,The stop sign is at a four way intersection.
548780,129994,Two women sitting on a metal park bench.
90208,130050,The picture of three buses on a lot.
90208,131466,Three double decked buses are parked on pavement.
579893,133543,A red stop sign with two green street signs on top of it.
90208,136200,A green and two red double decker tour buses.
117374,141269,Two cats sitting in the dirt under a tree.
548780,144286,Two people sit on a bench with pigeons and other people nearby.
548780,146683,Two women sitting on a bench in the park.
261712,148807,Two giraffes at the zoo during the day.
46497,150813,Two little girls sitting on the side of a white boat.
261712,151030,Two giraffes wander the open park in the same direction.
548780,153388,Two women sitting on a bench with one smoking a cigarette.
165713,153595,A rusted silver fire hydrant next to two poles.
261712,154855,Two giraffe standing next to each other on a dirt road next to a grass field.
261712,155362,Two giraffe standing on dirt near flowering trees.
503841,155845,two traffic lights in front of a huge building.
261712,157375,Two giraffes standing on a dirt path in a fenced in area with trees and green grass surrounding them.
503841,157555,two street lights that are both on the green light.
117374,158267,an image of two cats in a sand lot.
503841,161878,Two green stop lights in front of a skyscraper.
117374,162218,Two cats by a tree in the dirt.
285894,164765,Some children look at two giraffes in an enclosure.
285894,169058,A group of children looking at two giraffes in an enclosure.
23230,176702,Four geese floating in the middle of a river.
46497,190635,Two girls sitting on device on side of a boat.
454661,190977,Three similar cars are stopped at traffic lights.
46497,194655,Two girls are sitting on the edge of a boat looking at the water.
216739,194752,This giraffe has two horns on the top of its head.
185157,198842,A one way sign with a yellow blinking light on top.
480842,205138,Two tall giraffe standing next to each other.
286849,207154,A group of three giraffe standing next to each other behind a rock.
369812,209007,"Various street signs including one that reads ""Newlon Hale Village.""."
165713,210283,A grey and silver fire hydrant between two barriers.
477118,210613,Various signs in two languages direct tourists in Wales.
305343,215424,Two cups sitting on top of a gray counter.
154947,217340,one sheep is standing in some tall grass.
406997,217788,Two women and several little girls look at a sheep in an area with hay on the ground.
62353,217792,Two giraffe walking next to each other in a forest.
165336,218690,Two giraffe standing next to each other on a field.
480842,222067,two giraffes and some green trees and yellow flowers.
76261,222934,Two birds flying in a gray sky next to a mountain.
480842,223966,Two giraffes are peering up above some bushes.
480842,224248,Two giraffes are towering over the plants under them.
480842,224557,Two top halve of two giraffes walking in trees.
463730,227649,Two buses parked in a parking lot next to cars.
286849,228730,Four giraffes look around a rock corner in their enclosure.
430875,228770,A double traffic signal shows three green lights.
286849,228799,Four giraffes poking their heads out from behind a rock.
286849,229330,Four giraffes sticking their heads through a hole in some large rocks.
430875,229379,Two green lit traffic lights with a blue sky behind them.
165713,230608,a fire hydrant near two small poles on the curb of a street.
165713,231151,"The fireplug is positioned between 2 slanted posts, all three of which are dotted with graffiti."
165713,232369,A fire hydrant on a street has two rusty posts beside it.
459500,234348,A clock between two bronze flamingo statues on a black box.
165336,236402,Two giraffes and one other animal grazing in a field.
165336,236807,Two giraffes next to an antelope in a field.
305343,237945,Two ceramic cups - one with a bird and the other with a fox.
305343,238800,Two cups with painted animal pictures on them.
165336,240203,Two giraffes and a deer-like animal in a grassy field.
305343,242736,two cup like things with a bird and a wolf painted on them.
351530,243007,two people sitting on benches with trees in the background.
550939,244805,An intersection with two street signs near a palm tree.
351530,245575,There is a long line of wooden chairs and two women sit.
405205,247052,A bus parked between two trucks in a parking lot.
484893,247298,Several sheep are in a pen as some kids stand next to it while one boy has his hand on one of the sheep's head.
484893,247376,Two children petting sheep in a wooden pen with straw bedding.
165336,247811,Two giraffe and a zebra are standing in a field.
76261,247939,Two birds are in flight in front of some mountains.
369812,248334,Two signs are displayed on a street light.
62353,248971,A photo looking at the back side of two giraffes check out the people.
459500,249975,A clock sitting on a post above the statues of two birds.
351530,250564,The two women sit on a bench together.
459500,250623,A large clock and two birds make a statue.
550939,251897,Two street signs are sitting under power lines and a palm tree.
76261,255949,two birds fly in the sky over mountains.
459500,258102,The statue of two pelicans has a clock above it.
463730,261876,A street with two busses and people walking.
149622,263162,Two small owls on a branch in a tree.
149622,263189,Two owls sitting on the limb of a tree.
149622,266327,Two birds perched up on a large tree branch.
149622,266504,Two owls sitting together on a tree branch.
577862,267287,Two giraffes standing next to each other in a holding pen.
577862,267536,Two giraffe standing next to each other in a field.
76261,268024,two birds flying by in front of a mountain.
76261,268216,Two birds fly through the clouds over a mountain.
577862,268379,The two giraffes are standing next to each other outside.
95899,270229,Two cranes behind a stop sign and a street sign indicating Fort York Blvd.
134034,270635,Two horses grazing in a fenced in field.
448810,271180,A street sign with six different locations on it.
284296,272486,Three giraffe's leaning over to get a sip of water.
447789,272660,A Do Not Enter Sign with a Two Way Street Sign above it.
448448,275916,Two giraffes grazing on some green leaves in the field.
134034,275927,Two brown horses grazing in a field next to a tree.
448448,278352,Two giraffes grazing from a tree in a field.
284296,278990,three giraffes banding down to drink water with trees in the background.
431876,280274,Four cops on the back of horses stand in the street.
284296,280670,Three giraffe drinking from a pond with brush in back.
448448,283008,two giraffes eating leaves together off of a tree.
79188,284723,There are two giraffes sitting together in the wild.
79188,285122,Two Giraffe are out in the wilderness looking at the camera.
79188,286427,Two giraffes are standing in the tall grass.
79188,287699,Two giraffes standing in a field looking in the same direction.
417876,288182,Two giraffes are standing together outside near a wall.
417876,288230,Two giraffes that are standing near a rock wall.
417876,288371,Two giraffes with the backs turned to the camera next to a wall.
417876,290747,Two giraffes in an outdoor setting eating grass.
221281,290898,Two giraffes walking around in the grass and dirt.
417876,291815,Two giraffes in a zoo crane their necks.
221281,293613,two giraffes running across a field in the mud.
221281,297735,"Three giraffes, one young, in a natural looking habitat."
150726,298767,Two giraffes walking next to each other in a field.
150726,301635,Two giraffes are walking abreast on the grassy field.
150726,301710,Two giraffes walking next to each other.
79565,311024,Two giraffes traveling across a rocky terrain with patchy grass.
79565,312266,two giraffes in an open field with a sky in the background.
463199,313230,Three people stand posing for a picture on a bus.
6040,313586,A five car blue and white train with passengers.
298697,313607,Two horses in a pasture with buildings in the background.
277051,320119,two little sparrows standing on a table by a knife.
277051,322012,two gray white and brown birds a knife and a red table.
314541,323575,The bench in the field is empty with no one around it.
151657,323748,There are two people dressed up in formal attire.
303908,323868,"Two benches, back to back, near a chain railing."
277051,324349,Two sparrows sit n a table with a red tablecloth at an outdoor cafe.
277051,325666,Two birds perched on a table near a plate of food.
460379,328052,"Two Giraffes are in the wilderness, possibly eating."
47010,329665,A pond of water with three giraffe walking in the dirt.
47010,330946,three giraffes walking on a gravel ground near a body of water.
460379,332204,three adult giraffes in a field among trees.
106281,334853,Two trains passing each other on seperate tacks.
106281,336086,Two trains pass each other on the railroad tracks.
47010,336796,Three giraffes with heads pointing ahead walk on a dirt path.
550084,341051,A green sign says Thruway one fourth mile.
106281,341342,Two trains on the track at a railway.
534639,342240,A public transit train at one of its stations.
106281,343985,Two passenger trains on opposite tracks speeding down the tracks.
121153,345896,Blue mile marker sign advertising two locations in two languages.
98261,346884,Two brown and black birds staring on a curved wire.
283318,348311,There is a sign showing a street running one direction.
98261,348810,Two yellow birds are standing on an object.
127624,351938,grainy image of two trains on tracks moving through a city.
98261,352008,Two birds standing next to each other on a branch.
233567,353505,a black goat standing next to two white goats.
288882,356025,Two large giraffes inside a fenced area interact with one another.
432553,356638,"A bike, two dogs and a man sitting on public transportation."
563603,357239,The four giraffes are standing next to a tree.
233567,357594,"Several sheep standing in a barn, one is black."
432553,358261,The view of two dogs inside a bus.
288882,358608,The back side of two giraffes inside a gated area.
560371,358620,A two way street sign with one sign that changes from one name to another.
432553,359194,Two dogs in the aisle of a bus next to a bicycle.
288882,359625,Two giraffes standing next to each other at a zoo.
288882,362091,Two giraffes are standing next to each other.
563603,362144,Three giraffes standing under a tree by a watering hole.
150265,366619,People walking down a city sidewalk showing one with headphones.
150265,367978,Two people are walking close to each other on the side of the road.
563603,368060,Three giraffes stand by a sparse tree in the bushlands near a source of water.
33707,372013,Two giraffes are standing next to a building.
33707,372589,Adult giraffe standing next to young one by the building.
33707,373948,Two large giraffes inside a fenced area stand together near many rocks.
33707,376285,Two giraffes stand together near rocks and a building.
33707,377197,Two giraffes standing outside near a building.
507797,384536,Two buses parked next to each other in front of a building.
140583,385394,A herd of sheep with two sherds moving down a road in the mountains.
397639,390697,The two sheep are standing next to each other in the field.
514540,398140,"A city street corner with a street pole that has one way signs and a light on the top, and a building in the background."
410428,398400,Sheep are on a grassy field and one of them is a white and black baby.
514540,400693,Both streets of the intersection are marked as one way.
250205,413502,Two seagulls standing on a rock in front of the ocean.
250205,413778,Two seagulls stand on the rocks by the shore.
41888,413885,Three birds walking around a dry grass field.
250205,414270,Two seagulls standing on a rock looking out over the beach.
528524,415043,two brown animals walking through a path in the woods.
528524,415328,two shorn sheep walking between some bushes.
250205,416046,Two heron are standing on some rocks near some water.
528524,416264,Two sheep walk in a line down a small pathway in the brush.
41888,416810,three strange looking birds walking on the grass.
41888,417353,Three birds huddled together in a open field.
41888,417428,Three wild turkeys on top of the dried pasture.
505942,418228,Two people have a conversation at an intersection.
566436,419663,Some one who is sitting on the back of a park bench.
566436,421364,A person in jeans and two toned shoes sits on the back of a bench.
505942,422899,Three people stand near a street sign and a traffic light.
221155,429395,Two cow figures are standing in a yard.
221155,429902,Two cows are drinking under a small windmill.
486046,431268,A giraffe and two zebras in a dirt area next to fence.
344909,432037,A fire hydrant is standing on the sidewalk with two spouts.
500826,433675,A pole with three road signs stands in front of a building.
226154,441250,The large green bus drives near two people on a motorcycle.
340272,445658,Three sheep are grazing in the field next to the water.
198960,449633,three sheep grassing in a pasture side by side.
198960,450071,Three big horn sheep are in an enclosed pasture.
310622,450435,Several one way signs are by street signs.
372819,453208,Four smaller dogs are running away from the women on the bench.
11615,453244,Four signs are stacked together under two others.
198960,453296,A black and white picture of three lambs.
172856,459338,a stop sign and two brown and white street signs.
333697,463459,Two street signs on the corner of a stone wall.
100723,464218,Crown marching in one direction in a lightly attended protest.
333697,464416,Three traffic signs sit on on a corner in front of a brick wall.
172856,467435,"A faded stop sign with two street signs above, in a rural area."
338191,469927,A picture of nine fire hydrants in various type color schemes.
323751,470407,A train one track away from a platform at a stop.
333697,471463,Two signs that are on the side of a wall.
338191,472885,a collage with nine fire hydrants of different color combinations.
101022,473928,Two signs that are on a pole in the snow.
244379,485559,View down a two lane road at a red stop signal.
379800,486194,An orange train engine moves down the track with one train car behind it.
211069,487995,Two giraffe moving very quickly in the woods.
211069,488109,Two giraffes walking in long grass near short trees.
456496,489557,"A woman sitting on ledge with three pigeons, with gate railing, trees, and base of the Eiffel Tower behind."
379800,492074,Train engine pulling one freight car along rails.
211069,492087,Two giraffes walking in an open wooded area.
211069,496356,There are two giraffes walking near some tall grasses.
100274,497864,An outdoor train yard area with several sets of train tracks and train cars extending down one set of tracks.
15751,498773,A bird flies away from three others that are sitting.
375763,499745,a large group black faced sheep with one or two white faced sheep.
15751,500756,three birds perched and one flying towards the viewer.
500423,500799,A two story train stopped at an indoor train stop.
514540,515452,"An upward view of a building and several signs, including a one way sign."
537153,519555,Two people sitting on a bench overlooking a body of water.
239843,521386,Two street signs on top of a stop sign.
537153,521913,two people sitting on a bench next to the ocean.
239843,522349,Two green street signs crossing each other above a stop sign.
537153,522696,Two people on a bench near the water.
239843,523126,A stop sign underneath two street signs with a tree in the background.
239843,523924,A stop sign at the cross section of two streets.
537153,524109,Two people sitting on a bench looking out over the ocean.
296317,526474,Two giraffes walking along a trail to the hills.
334371,529773,A tall building with four double decker buses driving along a parking lot.
334371,530475,Two white double decker buses on a street.
393282,532995,Two giraffes standing around in the middle of a field.
64359,533864,Three zebra and four giraffe inside a fenced area.
22589,534094,Two sheep in a pasture behind a wire fence.
64359,534122,Four giraffes standing around while three zebras walk by.
393282,534159,Two giraffes standing on a dirt expanse with trees in background.
393282,534243,Two giraffes standing out in the hot sun in front of a tent.
393282,534558,Two giraffes standing in a dry landscape gaze to the side.
22589,535285,Two sheep in a fenced area on a sunny day.
393282,535377,Two giraffes standing in a desert like area.
22589,536998,Two sheep in a caged area with bushes.
153299,538080,two giraffes are standing together outside a barn.
332901,538241,Two sheep that are inside of a gate.
353180,540239,Over ten men pushing a charter bus with a woman watching.
153299,542217,Two giraffes in a sanctuary standing close to the wall.
153299,542841,"Two giraffes, one grown and one baby, standing next to each other."
307074,551755,two stop and go lights at an intersection.
295231,555014,the seven sheep are preparing to be sheered.
49060,556883,Four people standing outside of a steam train.
356169,569221,two cars driving on a street near a tree and a fence.
463647,569926,Two signs with arrows pointing to each other for detour.
463647,573895,Two signs show a street is blocked and detoured.
78032,581672,There are two metal benches on the patio.
78032,584300,Two bench's sitting on the ground near a fence.
324818,586456,Two multicolored exotic birds perched on a wooden branch with trees and flowers behind them.
324818,587353,There are two parrots perched on the branch.
324818,589327,Two parrots sitting on a branch side by side.
13659,590158,a table with two laptops and chairs.
13659,590512,Man works on laptop as three others work on a project.
324818,593329,Two parrots perching on a tree branch in a tropical garden.
28993,594246,Three fire hydrants in front of a huge building.
229753,599598,Two tall giraffes are next to bare trees.
559956,603971,Two women are squatting down and petting brown and white long haired goats.
229753,607341,a close up of two giraffes near one another.
559956,610091,Two women have stopped to pet the sheep.
559956,610427,Two women are watching some goats get tie down.
229753,612492,Two giraffes are standing next to a tree trunk.
559956,614372,Two women petting a few goats at a petting zoo.
345261,614527,Two giraffe standing on to of a dry grass covered field.
345261,614587,Two giraffes on the plains looking opposite directions.
229753,615141,Two giraffes are standing by a palm tree.
345261,618298,Two giraffes looking across the plains at sunrise.
345261,618652,Two giraffes standing in a wide open area.
474881,625027,"A white slope covers the background, while the foreground features a grassy slope with several rams grazing and one measly and underdeveloped evergreen in the foreground."
140640,626190,Three women that are standing in front of a table.
181816,628856,a bench with a statue stting on one side of it.
8690,632624,The two young girls are petting the two goats.
8690,633359,Two small children petting animals at a zoo.
8690,634535,Two young girls petting goats in a pen.
8690,634709,Two girls pet a goat that is in a pen.
320425,638029,Ten giraffes loitering around a building out in the day.
8690,638750,This is an image of two girls with goats.
87244,643987,Two color fire hydrant on cement slab in front of house.
335177,645911,A round intersection on a surburban street with one floor homes.
482585,648663,Two trains parked on the tracks near a platform.
482585,649464,Two trains are parked on the train tracks.
482585,650973,Two trains sit idle in a train station.
482585,651825,Two trains at station near group of people on platform.
11197,658370,Two signs with arrows and a man standing on the sidewalk.
272364,658773,Four tall giraffe are looking up to eat from a feeder.
272364,659082,four brown and white giraffes eating greens together.
278006,660739,"A street sign marks the intersection of 3 streets, while three housed stand in the background."
6723,661195,A building lined street with three lanes and light traffic.
272364,661326,Four giraffes are reaching in the tree for food.
420916,664763,Three people are sitting on a bench looking out at mountains and a lake.
6723,665221,A street with a row of older red brick building on one side.
334521,665510,Two giraffes that are together in an enclosure.
334521,665564,Two giraffes stare at a crane from behind a fence.
420916,670190,Three people sitting on a bench in front of a lake.
334521,670220,Two giraffes inside of a cage at the zoo.
420916,672698,Three persons seated on a bench near a pool of water.
190923,673578,"An urban street with a streetlight, one way sign, and people walking."
259854,676426,Two street signs are sitting on top of the pole.
574425,676695,Two old fashioned buses parked on the side of the road.
350023,678178,A street that has four lanes of traffic.
512564,678347,A two way street has minimal cars on it.
259854,682399,A view of several billboards and two traffic signs on one pole.
190923,689595,A One Way sign is located on the traffic light.
314914,690332,A two sign sitting on the side of a road.
89697,690987,A black and white photo of a couple sitting on two park benches.
190923,691317,A traffic light with a one way sign near a trash can.
507042,691480,Three giraffes stand near the fence of their enclosure.
507042,692812,Three giraffes looking in different directions from each other.
507042,697456,these are three giraffes standing in a pen.
445675,703715,One tall giraffe on top of the dry terrain.
240049,707330,A woman holds a baby on her arm and both are looking forward at an enclosed area with two giraffes in it.
322864,716966,Two guiding signs are pictured in front of a busy street.
578236,724639,A large lizard sitting on stone steps with three birds.
544811,724975,Two birds flying in the sky over a lake.
544811,726325,Black borders a rippling water-scape with two birds flying overhead.
88848,726442,Two pictures of a fire hydrant with two pictures of people.
544811,729955,Two birds flying over a flat waveless ocean.
88848,731638,A collage of photos including two which portray colorful fire hydrants.
578236,732034,An iguana and two birds are sitting on several steps.
578236,733654,An iguana and three pigeons sitting on cement steps.
544811,733786,Two large birds are flying over the calm water.
267946,734640,A sign for a public restroom is in more than one language.
413404,737068,Two people stroll through a park with benches and a playground.
252294,737977,Two people that are laying in bunk beds and looking up.
556498,748507,Two black signs that are on the side of a pole.
198915,749057,This is an intersection sign between green lake drive and one other.
285788,749542,Two giraffes that are standing in the grass.
544605,750246,"A street pole with one ways, except deliveries, street and no walking signs."
198915,750386,The two street name signs are protruding from a street pole.
205282,752139,Three giraffes standing on a plain with a few trees.
198915,753651,"A pole with two street signs attached, in front of some trees."
205282,753695,Three giraffes standing in some tall grass with trees.
285788,755399,Two giraffe's by large rocks with and ostrich.
285788,757985,Two giraffes and an ostrich at a zoo enclosure habitat.
297681,765874,The two signs give directions to upcoming cars.
504580,767425,Two giraffes during day in field of grasses.
504580,771358,Two giraffes standing one behind the other among brush.
73702,775737,Two people standing holding bags and wearing hats.
58393,775817,Two people sitting on a bench silhouetted against the sea.
58393,776666,Two people are sitting on a bench together in front of water.
58393,777680,The silhouette of two people sitting on a bench in front of the water.
112634,778678,Two giraffes standing near a large rock inside a gated corral.
112634,779695,"Trees mark the far side of a fence that encloses a large environment space with man made rocks and two giraffes, one close up and very large, the other small, and seemingly far away."
112634,779743,Two giraffe's in a zoo with a large rock.
568439,780314,two public transit buses on a city street.
52007,781987,Two people about to get on-board a bus.
59386,782689,a number of giraffes in a field near one another.
568439,782867,Two double-decker buses going in opposite directions on a road.
525600,784098,a number of giraffes near one another.
158548,790984,A sheep is on a field of grass with two men walking around it.
504580,792430,Two giraffes standing in high grass near each other.
234660,798408,Two white bullet trains parked at a train station.
234660,800238,two white trains are parked side by side.
234660,801321,two trains on a track near one another.
234660,802380,Two white trains on tracks next to a station.
270386,804107,The black street pole has three different signs on it.
234660,805683,"Two white passenger trains are parked on the tracks, side by side."
270386,806087,a street sign for Library Way and Madison Avenue above a one way arrow.
270386,809279,A one way sign and two other signs mounted to a pole.
447342,813598,Two buses in city with other cars and trees.
340272,818923,Three sheep eating grass near a water source.
333697,821209,"A corner with a Stop sign, a no entry sign and a one way sign in front of a brick wall with graffiti."
198960,822222,Two sheep and a ram stand next to a fence in the yard.
234526,823999,two children are feeding a giraffe and trees.
503841,824518,Two green street lights in front of a building with a lot of windows.
100283,828536,A stop sign is posted on the corner in two languages.
396205,780,Two cows standing and grazing in an open pasture.
396205,843,Two brown cows on a pasture of green grass.
396205,2007,Two animals standing in a grassy field by trees.
396205,2361,two cows grazing in a field near some trees.
276024,2714,Two men guiding cows while behind on horses.
413395,3219,A man sits on the couch with two cats on his lap.
413395,3540,A man resting on a couch with two different colored cats.
413395,4116,A man sitting on a couch has two cats on his lap.
396205,4278,Two cows in a meadow with a historic structure in the background.
413395,4341,A man and his two cats sitting on the couch.
231088,4535,Six umbrellas floating in the air near a building.
276024,4556,Two men on horses drive cattle down the road.
276024,5486,Two people on horseback herding cattle through the woods.
89880,7721,Two dogs are playing together on the grass.
89880,11504,Two puppies playing in the green grass of their yard.
512836,12022,A woman with a red umbrella is walking two dogs in the snow.
512836,14827,"A person with a white umbrella, with two dogs."
89880,15365,Two dogs playing with each other in the grass.
512836,15673,A person with an umbrella and two dogs walking in the snow.
171611,16813,A man and a dog fishing on a boat in a lake with two boats in the background.
458702,17136,These are two currently unused city parking meters.
512836,17191,A woman is walking two dogs in the snow.
458702,19596,Two old street parking meters surrounded by weeds.
190753,22434,There is a group of four men sitting on park benches.
422836,22437,two men walking down a city streen next to a blue pole.
329041,37105,four brown stacked suitcases and a woman with a red purse.
389316,39636,Two young elephants stand next to a wooden fence.
329041,39766,A stack of luggage with an opened one on top.
389316,41499,Two baby elephants take a drink from a trainer in an enclosure.
421757,42446,Two boats are floating on the river near the shore.
124636,42590,One cow standing and one laying down within a fence.
421757,42944,Two boats floating next to each other on a lake.
389316,43761,Two elephants are standing inside of an enclosure.
421757,44381,two boats are idly floating on a lake.
389316,44688,Two elephants in an enclosure at a zoo.
389316,44763,"Two elephants outside, one being fed, one standing."
565624,45499,Two elephants walking around inside of a grassy enclosure.
565624,46483,Two elephants walking along their habitat in a zoo.
496597,46680,Two people riding a small boat across a massive lake surrounded by mountains.
565624,47170,Two large elephants walking behind a wire fence on green grass.
421757,47558,Two boats floating on a lake next to a forest.
421757,47561,Two white boats travel on a wooded waterway.
565624,48682,Two young elephants graze on a grassy field.
496597,49092,Two people sitting on a small boat floating over the ocean.
124636,49115,Two brown cows sitting inside a fence staring out.
23023,50025,Three pieces of luggage sitting on a floor in front of a curtain.
565624,50458,two elephants grazing in the grass behind a fence.
23023,53535,"A piece of luggage is beside bags, one in plastic."
82180,61890,Two stuffed teddy bears sitting on a wooden chair in a yard.
82180,64797,Two stuffed animals are sitting on a broken wooden chair.
82180,65901,Two stuffed animals in a wooden outdoor chair.
82180,66267,Two little bears sitting on a weathered wood chair.
246454,66557,Girl bending down with hand bag on her shoulder petting two dogs.
125072,66791,Five cows are grazing at a lake next to a road.
246454,68465,A girl kneels down to pet two dogs.
246454,68597,A black and white photo of a girl petting three dogs.
368961,69105,Two mini elephants walking toward people on a plank.
246454,69341,A child petting two dogs on the side of the street.
246454,70217,A little girl kneeling down to pet two dogs on a leash.
368961,72345,Two elephants standing behind a rope in an enclosure.
41635,73234,Three cows standing on a grass field under a cloudy sky.
368961,74943,Two large elephants waiting to enter their shelter.
41635,75604,Three cows stand in a field behind a barbed wire fence.
368961,77586,Two elephants with a rubber ball are kept in the area with a little chain.
41635,78970,Three cows laying in a field behind a barb wired fence.
401991,81099,two dogs laying in a bed with thick covers.
41635,81493,Three cows with hairy heads laying down in a field.
401991,85584,Two dogs take a nap on a bed with a blanket.
401991,85980,Two dogs sleep on the blankets of a bed.
551815,103435,Two cats lay together on a blanket.
551815,106825,Two cats rest on each other to take a nap.
551815,107752,Two cats cuddle next to each other on a flowery blanket.
460683,109607,A man wearing a blue tie with the ten commandments on it.
413689,112595,Two women holding umbrellas while standing on a city street.
413689,112676,Two women under sun umbrellas wait to across an urban street.
319369,112752,Two women talk at a beach rental kiosk.
319369,113292,A picture for rentals with two women walking up to them.
393115,113429,A man has one foot on his skateboard.
413689,114170,two women hold umbrellas while waiting to cross the street in a city.
268375,114197,A baby elephant stands near to four larger adult elephants.
319369,115701,A group of people handing out with lawn chairs under two colorful umbrellas.
500257,116659,A person is near a row of luggage carts as one man pushes a cart.
318080,128933,two different bears fight with each other behind a log.
460683,128975,A man that has the ten commandments on his tie.
263860,129670,Two elephants in a field rubbing their trunks on each other.
235857,131520,Three cows grazing in a field of green grass.
318080,131921,Two bears in the water with their mouths open growling at each other.
318080,132299,Two brown bears interacting in a rocky area.
318080,132314,two bears playing together while swimming near a log.
263860,132772,Two African elephants greeting each other with their trunks.
318080,137363,Two brown bears growling at each other while laying on a log.
235857,139602,Three cows two black and one brown grazing in a green field.
235857,140418,A brown cow and two black cows eating grass in a field.
263860,142306,Two tusked elephants fighting on grass in the wild.
263860,148165,Two elephants standing in a field going nose to nose.
453166,149736,A group of three soldiers standing next to each other.
539962,149895,There are two people in the middle of the pool.
539962,153480,A pool with two people inside is shown.
351810,156366,A pile of luggage in a room with two women nearby.
153568,163426,A close up of a stop sign with two hand written notes taped to it.
277020,165690,Asian businessman in a restaurant with one of them being served.
292236,167027,two men wait for a train at dusk.
521259,168307,A man holding one frisbee and throwing another.
293300,171821,Two large elephants standing next to a wire fence.
570448,172538,A black and white image of two boats on the water in between two mountains.
32901,177935,four men are posing for a picture at an event.
32901,180797,Four men are standing together behind a group of red chairs.
154000,183743,Two large trucks are parked near each other.
32901,183911,Four gentleman posing for a picture at a cocktail party.
293300,185690,two elephants in a encloseur at a zoo.
32901,186311,A group of four older men posing for a photo.
346905,186885,A family of three elephants standing next to a forest.
346905,186981,"A little elephant stands between two large, tusked elephants."
346905,189402,Two large brown elephants standing over a small elephant.
411665,191422,A kitten is looking into a mirror and touching the mirror with one paw.
573626,192316,Two horses stand on rocks near a river.
384468,192502,Two men and a woman riding on the back of an elephant.
384468,195412,Three people ride on an elephant in front of a forest.
384468,196702,Three people ride on the back of an elephant.
573626,198856,Two dogs walking on rocks next to a creek.
293300,201821,A man watching two elephants behind a wire fence.
437351,203565,A young woman sits near three suitcases of luggage.
573626,207205,Two large animals walking on rocks along the side of river.
270402,207244,Two gray elephants standing next to each other on a road.
107226,207615,Two men being drug on buggies by dogs.
580197,209294,Two men in bow ties standing next to steel rafter.
417085,215796,two cows stand next to paved road in country.
286507,218974,three red and black train engines and its cars and snow.
555705,221632,Two cats sitting on top of a pair of shoes.
437351,223212,A girl sitting next to three old suitcases.
417085,223467,Two cattle are standing by the side of the road.
453166,223572,two soldiers in uniforms holding plaques in front of them.
220858,223682,A boat is on the beach while two men dig in the sand in the distance.
580197,224654,Two men wearing tuxedos glance at each other.
212072,225757,A stop sign in front of two buildings on a street.
453166,229407,Two military men being honored with an award.
270402,230986,Two elephants are standing are standing in an enclosure.
270402,234715,Two elephants standing in a pen in different spots.
115245,236151,Several suitcases on wheels leaning up against one long table with chairs.
555705,239710,Two cats are outside and perched on someone's sneakers.
201148,242003,A train track junction with a train on one of the tracks.
555705,242296,Two cats are sitting on a pair of shoes outdoors.
389451,245207,Four cows walking down a sandy beach near the water.
555705,246250,Two striped cats lying with two sneakers on a ledge.
453166,246723,Four men on at a military awards ceremony.
15440,247872,A stop sigh on a post with two buses in the background.
132796,249936,three people riding on the backs of elephants.
500663,252806,There are two cows in this grassy field.
183648,255174,Three people standing next to a large elephant.
255536,263032,two people riding a motorcycle with chairs and umbrellas near by.
183648,269727,three people standing by an elephant behind a fence.
183648,270696,three people and one is petting an elephant.
183648,275523,Two men and one woman in front of an elephant.
58384,276203,Sepia photograph of three elephants in a pen.
418281,277877,two cows outside one laying down and the other standing near a building.
58384,281399,Three elephants in a cage at a green field.
58384,281771,A black and white picture of three elephants.
230993,286440,Two people walk down the street with umbrellas.
448256,286881,Three men stand next to a car with its hood open.
230993,287034,Two women with open umbrellas walking down a street.
526706,287208,A baby cow gets milk from its mother while two other cows stand nearby.
182805,287649,A woman holding an umbrella sitting on a blanket next to two dogs.
80274,288560,Two elephants that are standing next to each other.
71226,289032,Two dogs and a cat sleeping on their human's bed.
71226,289107,two dogs and a cat sleeping on a bed together.
71226,291798,A bed with two dogs and a cat lying on it.
281759,292838,"Five women walk down the street, holding umbrellas."
71226,293676,Two dogs and a cat sleeping on a bed.
71226,295335,Two dogs and a cat lying on a bed.
281759,297071,Five ladies standing in the street with umbrellas.
181421,297375,Three people in a boat with an umbrella in the rain.
181421,298647,Three people on a canoe in the rain with an umbrella up.
286458,299311,Two images of open suitecases full of toiletries.
181421,299355,three people in a small boat holding an umbrella.
181421,299430,Three people sitting side by side in a canoe with tow paddling and the middle person holding up an umbrella.
181421,300414,Three people are in a small boat in a lake and one woman holds a red and yellow umbrella.
48504,300553,Two elephants walking around the center ring of a circus.
561335,301991,Two row boats are laying upside down in the woods.
272212,302463,One cow walking across a field and another cow laying down on the ground.
357081,302578,A photograph of two cows grazing on a green pasture.
561335,302969,Two small green boats on a platform in the woods.
272212,303633,two black and white cows on a green hill.
357081,304543,two cows with spots are grazing in some grass.
48504,306535,Two elephants are in the middle of a circus ring.
561335,307022,there are two green small boats in the woods.
48504,309877,A brown and a gray elephant are in a circus ring and the brown elephant is walking behind the gray elephant as well as two people training them are standing nearby.
357081,312166,Two black and white cows grazing in a grassy pasture.
357081,313054,Two black and white cows are in a grass field.
357081,313804,Two jersey cows grazing in a green meadow.
391144,316623,A group of adult elephants and one baby elephant drinking water.
113403,317093,Three teddy bears laying in bed under the covers.
475678,318545,Three rows of luggage of various color and size.
55150,320412,Two children smiling on top of luggage in parking lot.
113403,321044,Three stuffed animals lay in a bed cuddled together.
156372,323018,"A deck area with a chair and two backpacks, looking over a large body of calm water."
55150,323196,Two little children on stroller in a parking lot.
55150,323685,Two children in a stroller among cars in a rental lot.
465675,324230,A beach with two boats and a tractor.
465675,324251,A tractor and two boats beside the water.
398810,324293,Two orange cats in windows in buildings across from one another.
296657,325575,Six men jumping in the air on the lawn.
465675,325640,Large running mower sitting next to two boats on a ocean side.
296657,325734,Six well dressed men jumping into the air simultaneously.
55150,325782,Two children sit atop their parent's luggage in the parking lot.
55150,326409,Two kids sitting in a luggage cart together.
296657,326661,The six men wearing ties are jumping outside.
296657,327795,Six adult males outside jumping up in the air.
379533,328469,A zebra and two elephants are on a grassy field.
379533,335660,a pregnant zebra eating grass close to two elephants.
108864,339290,Two elephants cross tusks in confrontation in a field.
108864,341963,Two elephants standing next to each other in a field.
108864,341975,Two elephants in a field entwining their trunks.
108864,342281,Two elephants wrapping their trunks together in a field.
81766,346938,three large dogs sitting outside near a forested area.
50006,347294,A lot of boats that is parked in the water and one is docking.
81766,347772,Three dogs sitting on the levels of an empty tiered garden.
97230,349581,Two elephants are eating some leaves by the road.
97230,350307,There are two elephants standing in tall brush.
81766,350583,Three dogs are sitting at various levels in grow boxes.
97230,353838,two elephants standing in some bushes beside a trail.
97230,357870,Two elephants are facing each other on the side of a dirt road.
34071,365641,Two parking meter with the sunshine in the background.
34071,368194,A close up of what appears to be two traffic machines.
34071,369508,Two parking meters with the light of the sunset reflecting off one.
126216,383493,Three elephants in a grassy area with trees around.
34139,385515,Two people posing next to a giant suitcase in front of a building.
79144,388101,Two young black bears playing at the zoo.
34139,391491,Two people posing next to a giant statue with a suit case.
187236,392255,Two cats laying on the floor and sleeping.
34139,393471,Two people standing next to a life size replica of a suitcase.
79144,393474,Two bear cubs are playing on a log.
79144,393960,Two animals playing outside on a tree branch.
187236,394973,Two cats sleeping on a sofa inside a house.
187236,395876,Three cats are napping on the carpeted floor.
430073,397959,"In the Asian market, one can find residents, tourists, and domestic animals."
201025,398917,two huge elephant with tusks hidden among the trees.
201025,400903,Two elephants are walking through trees side by side.
125062,401148,Four teddy bears are lined up in a row on a shelf of books.
215072,401285,Two people sit closely together on chairs under an umbrella.
